sku,title,l1,l2,l3,brand,status,availability,created_at
SKU00001,Women Dresses 1,Clothing,Women,Dresses,BrandA,active,instock,2025-09-10 23:56:16
SKU00002,Women Sandals 2,Footwear,Women,Sandals,BrandH,active,instock,2025-07-22 16:07:07
SKU00003,Kids T-shirts 3,Clothing,Kids,T-shirts,BrandX,active,instock,2025-07-10 22:49:51
SKU00004,Women Dresses 4,Clothing,Women,Dresses,BrandS,active,instock,2025-08-10 23:08:56
SKU00005,Men Shirts 5,Clothing,Men,Shirts,BrandA,active,instock,2025-07-10 02:19:32
SKU00006,Men Shoes 6,Footwear,Men,Shoes,BrandH,active,instock,2025-08-19 01:33:47
SKU00007,Men Shirts 7,Clothing,Men,Shirts,BrandR,active,instock,2025-07-20 07:19:31
SKU00008,Unisex Sunglasses 8,Accessories,Unisex,Sunglasses,BrandH,active,instock,2025-08-13 14:43:58
SKU00009,Women Sandals 9,Footwear,Women,Sandals,BrandZ,active,instock,2025-09-23 09:36:59
SKU00010,Men Shirts 10,Clothing,Men,Shirts,BrandY,active,instock,2025-09-17 05:41:41
SKU00011,Kids T-shirts 11,Clothing,Kids,T-shirts,BrandW,active,instock,2025-08-11 00:45:46
SKU00012,Unisex Watches 12,Accessories,Unisex,Watches,BrandI,active,instock,2025-07-16 02:17:36
SKU00013,Men Shoes 13,Footwear,Men,Shoes,BrandY,active,instock,2025-08-02 16:19:19
SKU00014,Women Dresses 14,Clothing,Women,Dresses,BrandC,active,instock,2025-08-06 21:17:41
SKU00015,Women Dresses 15,Clothing,Women,Dresses,BrandL,active,instock,2025-09-21 06:48:18
SKU00016,Unisex Watches 16,Accessories,Unisex,Watches,BrandT,active,instock,2025-07-26 16:22:41
SKU00017,Men Shirts 17,Clothing,Men,Shirts,BrandX,active,instock,2025-08-14 14:32:15
SKU00018,Women Dresses 18,Clothing,Women,Dresses,BrandM,active,instock,2025-07-08 15:37:03
SKU00019,Women Sandals 19,Footwear,Women,Sandals,BrandU,active,instock,2025-08-30 01:15:19
SKU00020,Unisex Watches 20,Accessories,Unisex,Watches,BrandS,active,instock,2025-07-19 16:03:53
SKU00021,Women Dresses 21,Clothing,Women,Dresses,BrandB,active,instock,2025-09-03 04:51:18
SKU00022,Men Shoes 22,Footwear,Men,Shoes,BrandY,active,instock,2025-07-29 02:19:22
SKU00023,Women Dresses 23,Clothing,Women,Dresses,BrandH,active,instock,2025-09-23 03:03:11
SKU00024,Women Dresses 24,Clothing,Women,Dresses,BrandM,active,instock,2025-07-27 23:43:31
SKU00025,Unisex Wearables 25,Electronics,Unisex,Wearables,BrandU,active,instock,2025-09-19 23:37:05
SKU00026,Unisex Watches 26,Accessories,Unisex,Watches,BrandF,active,instock,2025-08-05 22:35:03
SKU00027,Unisex Watches 27,Accessories,Unisex,Watches,BrandG,active,instock,2025-09-04 01:37:16
SKU00028,Women Sandals 28,Footwear,Women,Sandals,BrandW,active,instock,2025-09-29 22:33:48
SKU00029,Women Dresses 29,Clothing,Women,Dresses,BrandT,active,instock,2025-08-31 15:36:23
SKU00030,Kids T-shirts 30,Clothing,Kids,T-shirts,BrandR,active,instock,2025-09-09 18:59:18
SKU00031,Men Shoes 31,Footwear,Men,Shoes,BrandF,active,instock,2025-08-14 21:08:39
SKU00032,Unisex Sunglasses 32,Accessories,Unisex,Sunglasses,BrandI,active,instock,2025-09-28 20:19:03
SKU00033,Men Shoes 33,Footwear,Men,Shoes,BrandV,active,instock,2025-08-01 11:38:00
SKU00034,Men Shirts 34,Clothing,Men,Shirts,BrandH,active,instock,2025-09-18 18:56:19
SKU00035,Men Shirts 35,Clothing,Men,Shirts,BrandZ,active,instock,2025-07-31 15:03:31
SKU00036,Unisex Sunglasses 36,Accessories,Unisex,Sunglasses,BrandI,active,instock,2025-07-07 10:13:50
SKU00037,Men Shoes 37,Footwear,Men,Shoes,BrandS,active,instock,2025-09-24 02:05:04
SKU00038,Unisex Watches 38,Accessories,Unisex,Watches,BrandG,active,instock,2025-09-02 15:16:58
SKU00039,Unisex Wearables 39,Electronics,Unisex,Wearables,BrandM,active,instock,2025-09-24 21:27:40
SKU00040,Unisex Wearables 40,Electronics,Unisex,Wearables,BrandE,active,instock,2025-07-26 17:12:55
SKU00041,Kids T-shirts 41,Clothing,Kids,T-shirts,BrandH,active,instock,2025-09-11 07:57:00
SKU00042,Women Sandals 42,Footwear,Women,Sandals,BrandX,active,instock,2025-08-26 18:11:02
SKU00043,Unisex Sunglasses 43,Accessories,Unisex,Sunglasses,BrandS,active,instock,2025-08-08 18:40:14
SKU00044,Unisex Watches 44,Accessories,Unisex,Watches,BrandH,active,instock,2025-07-14 10:20:10
SKU00045,Unisex Wearables 45,Electronics,Unisex,Wearables,BrandC,active,instock,2025-09-12 09:06:00
SKU00046,Men Shirts 46,Clothing,Men,Shirts,BrandD,active,instock,2025-07-15 20:08:45
SKU00047,Kids T-shirts 47,Clothing,Kids,T-shirts,BrandZ,active,instock,2025-09-05 01:38:10
SKU00048,Unisex Sunglasses 48,Accessories,Unisex,Sunglasses,BrandT,active,instock,2025-07-07 04:01:49
SKU00049,Unisex Sunglasses 49,Accessories,Unisex,Sunglasses,BrandM,active,instock,2025-08-27 20:31:14
SKU00050,Unisex Wearables 50,Electronics,Unisex,Wearables,BrandQ,active,instock,2025-07-25 09:50:14
SKU00051,Men Shirts 51,Clothing,Men,Shirts,BrandV,active,instock,2025-09-08 23:24:12
SKU00052,Women Dresses 52,Clothing,Women,Dresses,BrandV,active,instock,2025-09-24 21:42:23
SKU00053,Women Sandals 53,Footwear,Women,Sandals,BrandY,active,instock,2025-09-01 05:32:57
SKU00054,Unisex Watches 54,Accessories,Unisex,Watches,BrandD,active,instock,2025-07-29 11:54:17
SKU00055,Unisex Sunglasses 55,Accessories,Unisex,Sunglasses,BrandF,active,instock,2025-08-14 01:15:10
SKU00056,Men Shirts 56,Clothing,Men,Shirts,BrandX,active,instock,2025-09-24 00:53:06
SKU00057,Women Sandals 57,Footwear,Women,Sandals,BrandQ,active,instock,2025-09-12 23:30:02
SKU00058,Kids T-shirts 58,Clothing,Kids,T-shirts,BrandQ,active,instock,2025-09-27 14:34:37
SKU00059,Women Dresses 59,Clothing,Women,Dresses,BrandU,active,instock,2025-07-29 23:25:36
SKU00060,Men Shoes 60,Footwear,Men,Shoes,BrandE,active,instock,2025-08-06 07:16:56
SKU00061,Kids T-shirts 61,Clothing,Kids,T-shirts,BrandR,active,instock,2025-09-14 14:19:52
SKU00062,Men Shirts 62,Clothing,Men,Shirts,BrandT,active,instock,2025-08-01 11:20:18
SKU00063,Unisex Wearables 63,Electronics,Unisex,Wearables,BrandA,active,instock,2025-07-11 20:40:14
SKU00064,Unisex Watches 64,Accessories,Unisex,Watches,BrandZ,active,instock,2025-07-30 20:33:35
SKU00065,Men Shoes 65,Footwear,Men,Shoes,BrandB,active,instock,2025-07-24 09:16:17
SKU00066,Women Dresses 66,Clothing,Women,Dresses,BrandC,active,instock,2025-09-10 01:28:05
SKU00067,Unisex Wearables 67,Electronics,Unisex,Wearables,BrandC,active,instock,2025-09-12 20:19:53
SKU00068,Kids T-shirts 68,Clothing,Kids,T-shirts,BrandE,active,instock,2025-09-03 01:19:51
SKU00069,Unisex Wearables 69,Electronics,Unisex,Wearables,BrandR,active,instock,2025-07-17 00:46:25
SKU00070,Women Sandals 70,Footwear,Women,Sandals,BrandQ,active,instock,2025-09-23 16:54:58
SKU00071,Unisex Sunglasses 71,Accessories,Unisex,Sunglasses,BrandG,active,instock,2025-09-29 04:31:31
SKU00072,Men Shoes 72,Footwear,Men,Shoes,BrandW,active,instock,2025-07-31 06:21:05
SKU00073,Unisex Sunglasses 73,Accessories,Unisex,Sunglasses,BrandV,active,instock,2025-09-02 02:19:32
SKU00074,Unisex Watches 74,Accessories,Unisex,Watches,BrandO,active,instock,2025-09-26 08:15:09
SKU00075,Unisex Wearables 75,Electronics,Unisex,Wearables,BrandD,active,instock,2025-07-25 01:39:43
SKU00076,Men Shoes 76,Footwear,Men,Shoes,BrandC,active,instock,2025-08-02 19:47:47
SKU00077,Men Shirts 77,Clothing,Men,Shirts,BrandS,active,instock,2025-08-23 18:43:50
SKU00078,Men Shoes 78,Footwear,Men,Shoes,BrandS,active,instock,2025-07-22 09:08:37
SKU00079,Men Shirts 79,Clothing,Men,Shirts,BrandC,active,instock,2025-09-07 17:23:20
SKU00080,Men Shirts 80,Clothing,Men,Shirts,BrandH,active,instock,2025-07-07 13:03:14
SKU00081,Men Shirts 81,Clothing,Men,Shirts,BrandK,active,instock,2025-07-07 21:06:34
SKU00082,Men Shoes 82,Footwear,Men,Shoes,BrandI,active,instock,2025-09-03 22:49:52
SKU00083,Unisex Wearables 83,Electronics,Unisex,Wearables,BrandG,active,instock,2025-08-22 08:30:22
SKU00084,Kids T-shirts 84,Clothing,Kids,T-shirts,BrandX,active,instock,2025-09-29 19:54:22
SKU00085,Unisex Wearables 85,Electronics,Unisex,Wearables,BrandH,active,instock,2025-09-15 04:17:44
SKU00086,Unisex Wearables 86,Electronics,Unisex,Wearables,BrandZ,active,instock,2025-08-09 12:31:06
SKU00087,Men Shoes 87,Footwear,Men,Shoes,BrandD,active,instock,2025-07-10 09:51:54
SKU00088,Unisex Sunglasses 88,Accessories,Unisex,Sunglasses,BrandL,active,instock,2025-08-11 03:00:35
SKU00089,Unisex Sunglasses 89,Accessories,Unisex,Sunglasses,BrandO,active,instock,2025-09-22 20:53:07
SKU00090,Men Shirts 90,Clothing,Men,Shirts,BrandV,active,instock,2025-09-02 10:39:41
SKU00091,Women Dresses 91,Clothing,Women,Dresses,BrandB,active,instock,2025-08-09 02:10:32
SKU00092,Unisex Watches 92,Accessories,Unisex,Watches,BrandZ,active,instock,2025-09-22 15:50:33
SKU00093,Women Dresses 93,Clothing,Women,Dresses,BrandH,active,instock,2025-07-19 14:26:14
SKU00094,Men Shoes 94,Footwear,Men,Shoes,BrandR,active,instock,2025-08-13 13:20:43
SKU00095,Kids T-shirts 95,Clothing,Kids,T-shirts,BrandN,active,instock,2025-07-18 19:33:29
SKU00096,Women Sandals 96,Footwear,Women,Sandals,BrandO,active,instock,2025-07-25 06:05:28
SKU00097,Women Dresses 97,Clothing,Women,Dresses,BrandO,active,instock,2025-09-17 10:49:41
SKU00098,Women Dresses 98,Clothing,Women,Dresses,BrandB,active,instock,2025-09-02 07:36:27
SKU00099,Men Shirts 99,Clothing,Men,Shirts,BrandC,active,instock,2025-09-28 22:35:29
SKU00100,Men Shoes 100,Footwear,Men,Shoes,BrandF,active,instock,2025-08-09 11:00:48
SKU00101,Unisex Wearables 101,Electronics,Unisex,Wearables,BrandP,active,instock,2025-07-21 18:04:02
SKU00102,Unisex Sunglasses 102,Accessories,Unisex,Sunglasses,BrandB,active,instock,2025-07-16 23:37:56
SKU00103,Unisex Sunglasses 103,Accessories,Unisex,Sunglasses,BrandA,active,instock,2025-08-07 21:44:55
SKU00104,Women Sandals 104,Footwear,Women,Sandals,BrandZ,active,instock,2025-09-15 05:29:02
SKU00105,Unisex Wearables 105,Electronics,Unisex,Wearables,BrandJ,active,instock,2025-08-11 01:40:43
SKU00106,Unisex Wearables 106,Electronics,Unisex,Wearables,BrandE,active,instock,2025-07-19 10:29:38
SKU00107,Women Sandals 107,Footwear,Women,Sandals,BrandG,active,instock,2025-07-06 16:16:33
SKU00108,Men Shirts 108,Clothing,Men,Shirts,BrandX,active,instock,2025-07-31 10:45:07
SKU00109,Men Shirts 109,Clothing,Men,Shirts,BrandB,active,instock,2025-08-26 17:13:56
SKU00110,Unisex Wearables 110,Electronics,Unisex,Wearables,BrandQ,active,instock,2025-09-28 06:19:38
SKU00111,Kids T-shirts 111,Clothing,Kids,T-shirts,BrandB,active,instock,2025-08-19 07:19:34
SKU00112,Women Dresses 112,Clothing,Women,Dresses,BrandF,active,instock,2025-07-07 15:39:58
SKU00113,Women Dresses 113,Clothing,Women,Dresses,BrandV,active,instock,2025-09-22 16:11:03
SKU00114,Men Shoes 114,Footwear,Men,Shoes,BrandM,active,instock,2025-07-12 15:21:21
SKU00115,Men Shoes 115,Footwear,Men,Shoes,BrandS,active,instock,2025-08-27 17:19:48
SKU00116,Men Shirts 116,Clothing,Men,Shirts,BrandT,active,instock,2025-07-08 23:02:06
SKU00117,Unisex Sunglasses 117,Accessories,Unisex,Sunglasses,BrandV,active,instock,2025-08-26 16:03:18
SKU00118,Unisex Watches 118,Accessories,Unisex,Watches,BrandI,active,instock,2025-07-20 19:57:30
SKU00119,Unisex Watches 119,Accessories,Unisex,Watches,BrandH,active,instock,2025-07-26 18:55:36
SKU00120,Unisex Sunglasses 120,Accessories,Unisex,Sunglasses,BrandE,active,instock,2025-09-04 05:09:05
SKU00121,Women Sandals 121,Footwear,Women,Sandals,BrandO,active,instock,2025-07-31 16:44:46
SKU00122,Women Dresses 122,Clothing,Women,Dresses,BrandA,active,instock,2025-08-14 11:52:57
SKU00123,Women Dresses 123,Clothing,Women,Dresses,BrandC,active,instock,2025-08-22 04:46:44
SKU00124,Men Shoes 124,Footwear,Men,Shoes,BrandQ,active,instock,2025-07-26 17:57:42
SKU00125,Kids T-shirts 125,Clothing,Kids,T-shirts,BrandL,active,instock,2025-09-24 12:33:44
SKU00126,Women Dresses 126,Clothing,Women,Dresses,BrandH,active,instock,2025-08-05 21:03:37
SKU00127,Women Sandals 127,Footwear,Women,Sandals,BrandF,active,instock,2025-08-12 13:02:38
SKU00128,Women Sandals 128,Footwear,Women,Sandals,BrandT,active,instock,2025-09-17 08:40:45
SKU00129,Men Shirts 129,Clothing,Men,Shirts,BrandV,active,instock,2025-09-18 07:59:26
SKU00130,Women Sandals 130,Footwear,Women,Sandals,BrandV,active,instock,2025-07-11 01:22:26
SKU00131,Kids T-shirts 131,Clothing,Kids,T-shirts,BrandI,active,instock,2025-07-12 04:58:05
SKU00132,Women Dresses 132,Clothing,Women,Dresses,BrandX,active,instock,2025-08-23 17:06:16
SKU00133,Kids T-shirts 133,Clothing,Kids,T-shirts,BrandI,active,instock,2025-07-28 08:32:22
SKU00134,Men Shoes 134,Footwear,Men,Shoes,BrandW,active,instock,2025-08-03 06:58:08
SKU00135,Men Shoes 135,Footwear,Men,Shoes,BrandV,active,instock,2025-08-31 13:52:53
SKU00136,Women Sandals 136,Footwear,Women,Sandals,BrandQ,active,instock,2025-08-17 10:21:42
SKU00137,Women Sandals 137,Footwear,Women,Sandals,BrandB,active,instock,2025-07-09 23:04:15
SKU00138,Unisex Sunglasses 138,Accessories,Unisex,Sunglasses,BrandI,active,instock,2025-07-05 06:43:46
SKU00139,Men Shirts 139,Clothing,Men,Shirts,BrandK,active,instock,2025-09-13 20:50:16
SKU00140,Kids T-shirts 140,Clothing,Kids,T-shirts,BrandU,active,instock,2025-07-26 10:24:00
SKU00141,Kids T-shirts 141,Clothing,Kids,T-shirts,BrandX,active,instock,2025-08-12 21:33:04
SKU00142,Unisex Sunglasses 142,Accessories,Unisex,Sunglasses,BrandR,active,instock,2025-07-01 22:31:55
SKU00143,Women Dresses 143,Clothing,Women,Dresses,BrandC,active,instock,2025-09-30 18:07:41
SKU00144,Kids T-shirts 144,Clothing,Kids,T-shirts,BrandR,active,instock,2025-07-04 11:57:05
SKU00145,Unisex Watches 145,Accessories,Unisex,Watches,BrandS,active,instock,2025-08-23 15:28:36
SKU00146,Kids T-shirts 146,Clothing,Kids,T-shirts,BrandN,active,instock,2025-07-13 08:58:10
SKU00147,Men Shirts 147,Clothing,Men,Shirts,BrandJ,active,instock,2025-08-05 09:41:58
SKU00148,Men Shirts 148,Clothing,Men,Shirts,BrandL,active,instock,2025-07-21 09:30:49
SKU00149,Men Shoes 149,Footwear,Men,Shoes,BrandV,active,instock,2025-07-10 23:31:35
SKU00150,Unisex Watches 150,Accessories,Unisex,Watches,BrandY,active,instock,2025-08-24 08:37:23
SKU00151,Unisex Sunglasses 151,Accessories,Unisex,Sunglasses,BrandT,active,instock,2025-09-11 18:24:33
SKU00152,Kids T-shirts 152,Clothing,Kids,T-shirts,BrandH,active,instock,2025-09-22 22:40:38
SKU00153,Kids T-shirts 153,Clothing,Kids,T-shirts,BrandZ,active,instock,2025-09-17 17:14:06
SKU00154,Kids T-shirts 154,Clothing,Kids,T-shirts,BrandN,active,instock,2025-07-03 09:45:23
SKU00155,Kids T-shirts 155,Clothing,Kids,T-shirts,BrandX,active,instock,2025-09-28 18:12:41
SKU00156,Unisex Watches 156,Accessories,Unisex,Watches,BrandZ,active,instock,2025-09-29 08:57:29
SKU00157,Unisex Sunglasses 157,Accessories,Unisex,Sunglasses,BrandZ,active,instock,2025-09-04 00:59:48
SKU00158,Men Shoes 158,Footwear,Men,Shoes,BrandI,active,instock,2025-07-16 10:57:28
SKU00159,Women Dresses 159,Clothing,Women,Dresses,BrandM,active,instock,2025-09-23 16:17:45
SKU00160,Men Shirts 160,Clothing,Men,Shirts,BrandP,active,instock,2025-07-22 14:18:29
SKU00161,Men Shoes 161,Footwear,Men,Shoes,BrandO,active,instock,2025-08-03 22:45:47
SKU00162,Women Sandals 162,Footwear,Women,Sandals,BrandZ,active,instock,2025-09-23 14:19:47
SKU00163,Men Shoes 163,Footwear,Men,Shoes,BrandH,active,instock,2025-07-03 07:08:31
SKU00164,Men Shoes 164,Footwear,Men,Shoes,BrandM,active,instock,2025-08-01 20:54:20
SKU00165,Women Sandals 165,Footwear,Women,Sandals,BrandC,active,instock,2025-09-14 01:58:54
SKU00166,Women Sandals 166,Footwear,Women,Sandals,BrandL,active,instock,2025-09-01 06:45:38
SKU00167,Unisex Sunglasses 167,Accessories,Unisex,Sunglasses,BrandV,active,instock,2025-09-20 21:52:22
SKU00168,Unisex Watches 168,Accessories,Unisex,Watches,BrandA,active,instock,2025-07-12 04:45:56
SKU00169,Women Sandals 169,Footwear,Women,Sandals,BrandF,active,instock,2025-08-26 08:52:19
SKU00170,Women Sandals 170,Footwear,Women,Sandals,BrandB,active,instock,2025-07-11 12:35:46
SKU00171,Unisex Sunglasses 171,Accessories,Unisex,Sunglasses,BrandL,active,instock,2025-09-09 17:37:58
SKU00172,Unisex Watches 172,Accessories,Unisex,Watches,BrandN,active,instock,2025-08-28 20:34:08
SKU00173,Women Dresses 173,Clothing,Women,Dresses,BrandM,active,instock,2025-09-26 07:59:52
SKU00174,Men Shoes 174,Footwear,Men,Shoes,BrandI,active,instock,2025-07-05 07:25:41
SKU00175,Unisex Sunglasses 175,Accessories,Unisex,Sunglasses,BrandA,active,instock,2025-08-20 11:30:07
SKU00176,Men Shoes 176,Footwear,Men,Shoes,BrandL,active,instock,2025-08-11 20:59:44
SKU00177,Women Dresses 177,Clothing,Women,Dresses,BrandV,active,instock,2025-09-28 09:33:05
SKU00178,Unisex Watches 178,Accessories,Unisex,Watches,BrandT,active,instock,2025-07-31 11:28:35
SKU00179,Women Dresses 179,Clothing,Women,Dresses,BrandX,active,instock,2025-09-26 09:15:40
SKU00180,Women Sandals 180,Footwear,Women,Sandals,BrandQ,active,instock,2025-07-31 00:41:07
SKU00181,Unisex Sunglasses 181,Accessories,Unisex,Sunglasses,BrandK,active,instock,2025-08-09 01:39:39
SKU00182,Women Sandals 182,Footwear,Women,Sandals,BrandR,active,instock,2025-07-13 08:36:07
SKU00183,Men Shoes 183,Footwear,Men,Shoes,BrandN,active,instock,2025-09-03 13:23:52
SKU00184,Unisex Sunglasses 184,Accessories,Unisex,Sunglasses,BrandV,active,instock,2025-09-11 15:16:47
SKU00185,Kids T-shirts 185,Clothing,Kids,T-shirts,BrandT,active,instock,2025-08-25 06:06:40
SKU00186,Women Sandals 186,Footwear,Women,Sandals,BrandM,active,instock,2025-08-23 04:47:10
SKU00187,Men Shirts 187,Clothing,Men,Shirts,BrandJ,active,instock,2025-07-28 20:33:26
SKU00188,Men Shoes 188,Footwear,Men,Shoes,BrandN,active,instock,2025-09-15 06:57:02
SKU00189,Unisex Watches 189,Accessories,Unisex,Watches,BrandO,active,instock,2025-08-12 21:26:09
SKU00190,Unisex Wearables 190,Electronics,Unisex,Wearables,BrandV,active,instock,2025-07-21 17:57:37
SKU00191,Unisex Wearables 191,Electronics,Unisex,Wearables,BrandZ,active,instock,2025-09-26 11:54:12
SKU00192,Kids T-shirts 192,Clothing,Kids,T-shirts,BrandV,active,instock,2025-07-09 05:35:16
SKU00193,Women Sandals 193,Footwear,Women,Sandals,BrandQ,active,instock,2025-09-03 10:53:29
SKU00194,Unisex Watches 194,Accessories,Unisex,Watches,BrandC,active,instock,2025-09-18 11:03:53
SKU00195,Men Shoes 195,Footwear,Men,Shoes,BrandV,active,instock,2025-07-31 03:19:47
SKU00196,Men Shoes 196,Footwear,Men,Shoes,BrandZ,active,instock,2025-07-20 08:00:22
SKU00197,Kids T-shirts 197,Clothing,Kids,T-shirts,BrandA,active,instock,2025-07-05 11:41:08
SKU00198,Men Shoes 198,Footwear,Men,Shoes,BrandP,active,instock,2025-08-29 08:22:17
SKU00199,Women Dresses 199,Clothing,Women,Dresses,BrandO,active,instock,2025-08-10 05:43:03
SKU00200,Men Shoes 200,Footwear,Men,Shoes,BrandW,active,instock,2025-09-06 14:37:22
SKU00201,Unisex Sunglasses 201,Accessories,Unisex,Sunglasses,BrandP,active,instock,2025-08-08 19:15:31
SKU00202,Men Shoes 202,Footwear,Men,Shoes,BrandE,active,instock,2025-09-02 16:43:33
SKU00203,Men Shirts 203,Clothing,Men,Shirts,BrandY,active,instock,2025-09-22 12:58:18
SKU00204,Women Dresses 204,Clothing,Women,Dresses,BrandY,active,instock,2025-08-11 06:39:44
SKU00205,Men Shoes 205,Footwear,Men,Shoes,BrandF,active,instock,2025-09-17 01:42:42
SKU00206,Unisex Wearables 206,Electronics,Unisex,Wearables,BrandB,active,instock,2025-08-24 02:50:58
SKU00207,Men Shoes 207,Footwear,Men,Shoes,BrandD,active,instock,2025-08-14 07:37:59
SKU00208,Kids T-shirts 208,Clothing,Kids,T-shirts,BrandZ,active,instock,2025-08-15 02:41:49
SKU00209,Unisex Watches 209,Accessories,Unisex,Watches,BrandY,active,instock,2025-09-25 13:10:22
SKU00210,Unisex Wearables 210,Electronics,Unisex,Wearables,BrandT,active,instock,2025-09-18 03:06:10
SKU00211,Unisex Sunglasses 211,Accessories,Unisex,Sunglasses,BrandR,active,instock,2025-08-13 07:03:14
SKU00212,Kids T-shirts 212,Clothing,Kids,T-shirts,BrandX,active,instock,2025-09-22 15:25:43
SKU00213,Unisex Wearables 213,Electronics,Unisex,Wearables,BrandO,active,instock,2025-07-26 03:57:36
SKU00214,Men Shoes 214,Footwear,Men,Shoes,BrandU,active,instock,2025-07-27 22:10:56
SKU00215,Unisex Wearables 215,Electronics,Unisex,Wearables,BrandU,active,instock,2025-07-24 05:28:59
SKU00216,Women Sandals 216,Footwear,Women,Sandals,BrandO,active,instock,2025-07-08 12:32:57
SKU00217,Women Sandals 217,Footwear,Women,Sandals,BrandH,active,instock,2025-07-27 09:08:31
SKU00218,Unisex Watches 218,Accessories,Unisex,Watches,BrandK,active,instock,2025-09-25 16:54:12
SKU00219,Women Dresses 219,Clothing,Women,Dresses,BrandE,active,instock,2025-07-15 15:27:39
SKU00220,Men Shoes 220,Footwear,Men,Shoes,BrandM,active,instock,2025-09-06 09:01:12
SKU00221,Kids T-shirts 221,Clothing,Kids,T-shirts,BrandW,active,instock,2025-07-21 18:32:46
SKU00222,Women Dresses 222,Clothing,Women,Dresses,BrandN,active,instock,2025-08-09 13:46:31
SKU00223,Unisex Watches 223,Accessories,Unisex,Watches,BrandR,active,instock,2025-08-15 05:40:56
SKU00224,Unisex Sunglasses 224,Accessories,Unisex,Sunglasses,BrandB,active,instock,2025-07-21 01:57:32
SKU00225,Unisex Sunglasses 225,Accessories,Unisex,Sunglasses,BrandM,active,instock,2025-09-26 20:25:35
SKU00226,Men Shirts 226,Clothing,Men,Shirts,BrandY,active,instock,2025-08-25 21:27:20
SKU00227,Unisex Sunglasses 227,Accessories,Unisex,Sunglasses,BrandP,active,instock,2025-07-01 13:44:19
SKU00228,Unisex Watches 228,Accessories,Unisex,Watches,BrandJ,active,instock,2025-09-12 03:43:27
SKU00229,Unisex Sunglasses 229,Accessories,Unisex,Sunglasses,BrandN,active,instock,2025-08-22 06:08:41
SKU00230,Men Shoes 230,Footwear,Men,Shoes,BrandP,active,instock,2025-07-22 07:17:22
SKU00231,Women Sandals 231,Footwear,Women,Sandals,BrandN,active,instock,2025-08-17 03:37:40
SKU00232,Men Shirts 232,Clothing,Men,Shirts,BrandM,active,instock,2025-08-02 15:14:18
SKU00233,Unisex Sunglasses 233,Accessories,Unisex,Sunglasses,BrandX,active,instock,2025-07-17 00:34:55
SKU00234,Unisex Wearables 234,Electronics,Unisex,Wearables,BrandE,active,instock,2025-08-30 09:57:49
SKU00235,Men Shirts 235,Clothing,Men,Shirts,BrandM,active,instock,2025-08-27 11:12:36
SKU00236,Men Shirts 236,Clothing,Men,Shirts,BrandC,active,instock,2025-09-01 09:42:54
SKU00237,Unisex Sunglasses 237,Accessories,Unisex,Sunglasses,BrandE,active,instock,2025-09-23 03:54:36
SKU00238,Unisex Wearables 238,Electronics,Unisex,Wearables,BrandF,active,instock,2025-07-05 21:10:18
SKU00239,Women Sandals 239,Footwear,Women,Sandals,BrandM,active,instock,2025-08-01 18:47:13
SKU00240,Men Shoes 240,Footwear,Men,Shoes,BrandO,active,instock,2025-08-01 17:36:21
SKU00241,Unisex Watches 241,Accessories,Unisex,Watches,BrandY,active,instock,2025-09-24 09:42:35
SKU00242,Unisex Sunglasses 242,Accessories,Unisex,Sunglasses,BrandI,active,instock,2025-09-12 00:18:35
SKU00243,Unisex Sunglasses 243,Accessories,Unisex,Sunglasses,BrandI,active,instock,2025-09-20 01:29:00
SKU00244,Women Dresses 244,Clothing,Women,Dresses,BrandP,active,instock,2025-07-02 21:09:58
SKU00245,Men Shirts 245,Clothing,Men,Shirts,BrandL,active,instock,2025-07-22 18:28:31
SKU00246,Women Dresses 246,Clothing,Women,Dresses,BrandY,active,instock,2025-09-02 06:41:54
SKU00247,Men Shirts 247,Clothing,Men,Shirts,BrandY,active,instock,2025-07-04 00:18:18
SKU00248,Men Shoes 248,Footwear,Men,Shoes,BrandG,active,instock,2025-09-20 11:32:41
SKU00249,Men Shirts 249,Clothing,Men,Shirts,BrandT,active,instock,2025-07-15 19:04:35
SKU00250,Men Shoes 250,Footwear,Men,Shoes,BrandE,active,instock,2025-08-15 23:28:38
SKU00251,Women Dresses 251,Clothing,Women,Dresses,BrandS,active,instock,2025-07-22 03:53:39
SKU00252,Unisex Wearables 252,Electronics,Unisex,Wearables,BrandW,active,instock,2025-07-25 21:05:27
SKU00253,Unisex Watches 253,Accessories,Unisex,Watches,BrandF,active,instock,2025-08-28 19:49:56
SKU00254,Women Dresses 254,Clothing,Women,Dresses,BrandY,active,instock,2025-09-18 13:06:36
SKU00255,Kids T-shirts 255,Clothing,Kids,T-shirts,BrandJ,active,instock,2025-07-11 11:53:18
SKU00256,Men Shirts 256,Clothing,Men,Shirts,BrandJ,active,instock,2025-08-25 21:42:13
SKU00257,Unisex Sunglasses 257,Accessories,Unisex,Sunglasses,BrandM,active,instock,2025-09-30 09:47:07
SKU00258,Men Shoes 258,Footwear,Men,Shoes,BrandC,active,instock,2025-08-27 11:41:16
SKU00259,Men Shoes 259,Footwear,Men,Shoes,BrandD,active,instock,2025-09-06 16:34:38
SKU00260,Women Sandals 260,Footwear,Women,Sandals,BrandV,active,instock,2025-08-28 07:03:37
SKU00261,Women Dresses 261,Clothing,Women,Dresses,BrandZ,active,instock,2025-08-24 22:43:06
SKU00262,Men Shirts 262,Clothing,Men,Shirts,BrandL,active,instock,2025-08-21 17:23:11
SKU00263,Unisex Sunglasses 263,Accessories,Unisex,Sunglasses,BrandV,active,instock,2025-08-05 23:29:33
SKU00264,Women Dresses 264,Clothing,Women,Dresses,BrandQ,active,instock,2025-09-01 20:53:06
SKU00265,Unisex Watches 265,Accessories,Unisex,Watches,BrandA,active,instock,2025-09-21 11:39:16
SKU00266,Unisex Sunglasses 266,Accessories,Unisex,Sunglasses,BrandP,active,instock,2025-07-11 05:55:24
SKU00267,Unisex Sunglasses 267,Accessories,Unisex,Sunglasses,BrandL,active,instock,2025-08-31 17:01:14
SKU00268,Unisex Wearables 268,Electronics,Unisex,Wearables,BrandW,active,instock,2025-07-15 20:29:42
SKU00269,Unisex Sunglasses 269,Accessories,Unisex,Sunglasses,BrandF,active,instock,2025-09-10 05:52:01
SKU00270,Women Sandals 270,Footwear,Women,Sandals,BrandT,active,instock,2025-09-17 11:14:26
SKU00271,Unisex Wearables 271,Electronics,Unisex,Wearables,BrandO,active,instock,2025-08-12 06:57:43
SKU00272,Women Sandals 272,Footwear,Women,Sandals,BrandK,active,instock,2025-09-21 16:38:07
SKU00273,Men Shoes 273,Footwear,Men,Shoes,BrandC,active,instock,2025-07-28 01:56:59
SKU00274,Unisex Wearables 274,Electronics,Unisex,Wearables,BrandH,active,instock,2025-09-11 20:44:11
SKU00275,Unisex Wearables 275,Electronics,Unisex,Wearables,BrandS,active,instock,2025-08-29 06:10:33
SKU00276,Unisex Sunglasses 276,Accessories,Unisex,Sunglasses,BrandK,active,instock,2025-07-03 18:52:33
SKU00277,Unisex Wearables 277,Electronics,Unisex,Wearables,BrandK,active,instock,2025-07-18 15:43:03
SKU00278,Unisex Wearables 278,Electronics,Unisex,Wearables,BrandG,active,instock,2025-08-04 10:48:07
SKU00279,Women Sandals 279,Footwear,Women,Sandals,BrandK,active,instock,2025-07-28 03:39:05
SKU00280,Women Sandals 280,Footwear,Women,Sandals,BrandR,active,instock,2025-07-01 23:39:13
SKU00281,Men Shoes 281,Footwear,Men,Shoes,BrandC,active,instock,2025-07-24 10:24:01
SKU00282,Unisex Sunglasses 282,Accessories,Unisex,Sunglasses,BrandP,active,instock,2025-08-23 21:39:15
SKU00283,Men Shoes 283,Footwear,Men,Shoes,BrandW,active,instock,2025-08-16 05:22:38
SKU00284,Unisex Wearables 284,Electronics,Unisex,Wearables,BrandO,active,instock,2025-09-15 23:40:03
SKU00285,Men Shirts 285,Clothing,Men,Shirts,BrandC,active,instock,2025-07-29 13:37:06
SKU00286,Men Shoes 286,Footwear,Men,Shoes,BrandM,active,instock,2025-09-06 03:58:51
SKU00287,Men Shoes 287,Footwear,Men,Shoes,BrandJ,active,instock,2025-09-03 11:08:20
SKU00288,Unisex Watches 288,Accessories,Unisex,Watches,BrandP,active,instock,2025-08-23 17:41:07
SKU00289,Unisex Watches 289,Accessories,Unisex,Watches,BrandN,active,instock,2025-09-11 10:09:19
SKU00290,Unisex Watches 290,Accessories,Unisex,Watches,BrandL,active,instock,2025-09-07 05:46:14
SKU00291,Unisex Wearables 291,Electronics,Unisex,Wearables,BrandI,active,instock,2025-07-30 18:29:00
SKU00292,Women Sandals 292,Footwear,Women,Sandals,BrandH,active,instock,2025-07-12 17:08:54
SKU00293,Men Shoes 293,Footwear,Men,Shoes,BrandK,active,instock,2025-07-12 14:34:57
SKU00294,Kids T-shirts 294,Clothing,Kids,T-shirts,BrandG,active,instock,2025-07-22 00:12:45
SKU00295,Unisex Wearables 295,Electronics,Unisex,Wearables,BrandI,active,instock,2025-09-09 08:24:19
SKU00296,Women Sandals 296,Footwear,Women,Sandals,BrandD,active,instock,2025-09-19 20:09:52
SKU00297,Men Shoes 297,Footwear,Men,Shoes,BrandJ,active,instock,2025-07-23 02:04:27
SKU00298,Unisex Watches 298,Accessories,Unisex,Watches,BrandF,active,instock,2025-07-30 08:20:04
SKU00299,Men Shirts 299,Clothing,Men,Shirts,BrandW,active,instock,2025-08-21 20:37:29
SKU00300,Kids T-shirts 300,Clothing,Kids,T-shirts,BrandI,active,instock,2025-07-05 10:03:33
SKU00301,Men Shirts 301,Clothing,Men,Shirts,BrandR,active,instock,2025-07-29 08:43:39
SKU00302,Kids T-shirts 302,Clothing,Kids,T-shirts,BrandU,active,instock,2025-09-23 07:39:40
SKU00303,Unisex Wearables 303,Electronics,Unisex,Wearables,BrandD,active,instock,2025-09-23 17:35:03
SKU00304,Men Shirts 304,Clothing,Men,Shirts,BrandS,active,instock,2025-07-28 14:33:31
SKU00305,Unisex Wearables 305,Electronics,Unisex,Wearables,BrandP,active,instock,2025-08-12 18:22:00
SKU00306,Unisex Watches 306,Accessories,Unisex,Watches,BrandF,active,instock,2025-07-05 23:42:59
SKU00307,Women Sandals 307,Footwear,Women,Sandals,BrandP,active,instock,2025-07-12 01:50:32
SKU00308,Women Dresses 308,Clothing,Women,Dresses,BrandM,active,instock,2025-08-17 17:51:09
SKU00309,Women Dresses 309,Clothing,Women,Dresses,BrandS,active,instock,2025-08-31 02:42:53
SKU00310,Men Shirts 310,Clothing,Men,Shirts,BrandE,active,instock,2025-07-15 11:39:20
SKU00311,Women Sandals 311,Footwear,Women,Sandals,BrandC,active,instock,2025-07-25 02:19:36
SKU00312,Women Dresses 312,Clothing,Women,Dresses,BrandR,active,instock,2025-09-13 05:16:56
SKU00313,Unisex Sunglasses 313,Accessories,Unisex,Sunglasses,BrandT,active,instock,2025-08-27 21:04:34
SKU00314,Men Shoes 314,Footwear,Men,Shoes,BrandY,active,instock,2025-08-20 17:40:56
SKU00315,Unisex Sunglasses 315,Accessories,Unisex,Sunglasses,BrandO,active,instock,2025-09-27 04:58:07
SKU00316,Unisex Wearables 316,Electronics,Unisex,Wearables,BrandJ,active,instock,2025-09-22 12:20:00
SKU00317,Unisex Sunglasses 317,Accessories,Unisex,Sunglasses,BrandJ,active,instock,2025-08-25 05:00:09
SKU00318,Men Shirts 318,Clothing,Men,Shirts,BrandT,active,instock,2025-09-10 20:31:59
SKU00319,Women Dresses 319,Clothing,Women,Dresses,BrandY,active,instock,2025-07-21 04:10:51
SKU00320,Men Shoes 320,Footwear,Men,Shoes,BrandI,active,instock,2025-09-03 02:54:32
SKU00321,Women Dresses 321,Clothing,Women,Dresses,BrandF,active,instock,2025-07-24 06:55:34
SKU00322,Kids T-shirts 322,Clothing,Kids,T-shirts,BrandR,active,instock,2025-07-08 06:54:49
SKU00323,Kids T-shirts 323,Clothing,Kids,T-shirts,BrandA,active,instock,2025-08-09 15:54:53
SKU00324,Unisex Wearables 324,Electronics,Unisex,Wearables,BrandW,active,instock,2025-08-27 15:40:49
SKU00325,Unisex Wearables 325,Electronics,Unisex,Wearables,BrandJ,active,instock,2025-07-04 04:03:22
SKU00326,Men Shoes 326,Footwear,Men,Shoes,BrandJ,active,instock,2025-09-07 15:19:35
SKU00327,Women Sandals 327,Footwear,Women,Sandals,BrandW,active,instock,2025-09-22 11:01:43
SKU00328,Unisex Wearables 328,Electronics,Unisex,Wearables,BrandC,active,instock,2025-09-05 17:43:22
SKU00329,Men Shoes 329,Footwear,Men,Shoes,BrandI,active,instock,2025-09-15 11:46:20
SKU00330,Men Shoes 330,Footwear,Men,Shoes,BrandN,active,instock,2025-07-12 03:26:53
SKU00331,Men Shoes 331,Footwear,Men,Shoes,BrandU,active,instock,2025-07-15 11:10:13
SKU00332,Women Sandals 332,Footwear,Women,Sandals,BrandE,active,instock,2025-07-07 22:23:49
SKU00333,Men Shirts 333,Clothing,Men,Shirts,BrandF,active,instock,2025-09-15 22:57:30
SKU00334,Women Sandals 334,Footwear,Women,Sandals,BrandT,active,instock,2025-09-11 17:11:52
SKU00335,Women Sandals 335,Footwear,Women,Sandals,BrandO,active,instock,2025-07-13 01:45:54
SKU00336,Unisex Wearables 336,Electronics,Unisex,Wearables,BrandW,active,instock,2025-07-30 12:35:01
SKU00337,Unisex Sunglasses 337,Accessories,Unisex,Sunglasses,BrandI,active,instock,2025-08-18 14:11:04
SKU00338,Unisex Wearables 338,Electronics,Unisex,Wearables,BrandO,active,instock,2025-07-08 19:26:35
SKU00339,Men Shirts 339,Clothing,Men,Shirts,BrandN,active,instock,2025-09-10 07:35:17
SKU00340,Unisex Watches 340,Accessories,Unisex,Watches,BrandT,active,instock,2025-07-25 07:23:58
SKU00341,Men Shirts 341,Clothing,Men,Shirts,BrandC,active,instock,2025-07-23 05:25:57
SKU00342,Men Shirts 342,Clothing,Men,Shirts,BrandY,active,instock,2025-09-04 06:31:46
SKU00343,Women Sandals 343,Footwear,Women,Sandals,BrandS,active,instock,2025-07-04 21:44:47
SKU00344,Kids T-shirts 344,Clothing,Kids,T-shirts,BrandP,active,instock,2025-08-20 09:16:24
SKU00345,Unisex Wearables 345,Electronics,Unisex,Wearables,BrandI,active,instock,2025-07-18 14:54:01
SKU00346,Unisex Sunglasses 346,Accessories,Unisex,Sunglasses,BrandU,active,instock,2025-09-18 01:19:41
SKU00347,Unisex Wearables 347,Electronics,Unisex,Wearables,BrandC,active,instock,2025-08-15 15:12:12
SKU00348,Unisex Watches 348,Accessories,Unisex,Watches,BrandN,active,instock,2025-08-02 08:39:53
SKU00349,Unisex Watches 349,Accessories,Unisex,Watches,BrandV,active,instock,2025-07-11 03:44:07
SKU00350,Kids T-shirts 350,Clothing,Kids,T-shirts,BrandK,active,instock,2025-08-09 23:12:09
SKU00351,Unisex Wearables 351,Electronics,Unisex,Wearables,BrandJ,active,instock,2025-09-03 07:55:53
SKU00352,Unisex Sunglasses 352,Accessories,Unisex,Sunglasses,BrandY,active,instock,2025-08-23 09:49:04
SKU00353,Men Shirts 353,Clothing,Men,Shirts,BrandO,active,instock,2025-07-09 13:11:39
SKU00354,Unisex Watches 354,Accessories,Unisex,Watches,BrandI,active,instock,2025-08-01 09:16:57
SKU00355,Women Dresses 355,Clothing,Women,Dresses,BrandY,active,instock,2025-08-09 05:47:46
SKU00356,Men Shirts 356,Clothing,Men,Shirts,BrandV,active,instock,2025-09-23 09:46:23
SKU00357,Unisex Wearables 357,Electronics,Unisex,Wearables,BrandN,active,instock,2025-07-06 06:18:16
SKU00358,Men Shoes 358,Footwear,Men,Shoes,BrandQ,active,instock,2025-08-05 03:00:25
SKU00359,Unisex Wearables 359,Electronics,Unisex,Wearables,BrandU,active,instock,2025-08-12 22:01:48
SKU00360,Men Shirts 360,Clothing,Men,Shirts,BrandG,active,instock,2025-07-26 22:17:10
SKU00361,Kids T-shirts 361,Clothing,Kids,T-shirts,BrandJ,active,instock,2025-08-12 12:53:04
SKU00362,Unisex Wearables 362,Electronics,Unisex,Wearables,BrandD,active,instock,2025-07-03 19:16:14
SKU00363,Men Shoes 363,Footwear,Men,Shoes,BrandW,active,instock,2025-07-16 09:02:52
SKU00364,Women Sandals 364,Footwear,Women,Sandals,BrandR,active,instock,2025-07-02 07:51:49
SKU00365,Unisex Sunglasses 365,Accessories,Unisex,Sunglasses,BrandC,active,instock,2025-07-22 19:35:25
SKU00366,Women Dresses 366,Clothing,Women,Dresses,BrandO,active,instock,2025-09-30 22:48:41
SKU00367,Women Dresses 367,Clothing,Women,Dresses,BrandU,active,instock,2025-09-19 19:02:02
SKU00368,Kids T-shirts 368,Clothing,Kids,T-shirts,BrandP,active,instock,2025-09-29 13:14:20
SKU00369,Women Sandals 369,Footwear,Women,Sandals,BrandQ,active,instock,2025-09-07 11:43:41
SKU00370,Women Sandals 370,Footwear,Women,Sandals,BrandN,active,instock,2025-09-20 01:02:51
SKU00371,Unisex Wearables 371,Electronics,Unisex,Wearables,BrandP,active,instock,2025-07-24 15:56:03
SKU00372,Unisex Wearables 372,Electronics,Unisex,Wearables,BrandR,active,instock,2025-07-15 01:02:24
SKU00373,Unisex Sunglasses 373,Accessories,Unisex,Sunglasses,BrandG,active,instock,2025-09-28 12:06:30
SKU00374,Kids T-shirts 374,Clothing,Kids,T-shirts,BrandC,active,instock,2025-07-27 19:42:11
SKU00375,Unisex Sunglasses 375,Accessories,Unisex,Sunglasses,BrandK,active,instock,2025-09-29 16:57:23
SKU00376,Women Sandals 376,Footwear,Women,Sandals,BrandA,active,instock,2025-07-28 11:03:45
SKU00377,Women Sandals 377,Footwear,Women,Sandals,BrandS,active,instock,2025-08-26 07:19:09
SKU00378,Unisex Wearables 378,Electronics,Unisex,Wearables,BrandE,active,instock,2025-08-13 08:31:51
SKU00379,Unisex Wearables 379,Electronics,Unisex,Wearables,BrandL,active,instock,2025-08-02 06:38:28
SKU00380,Unisex Sunglasses 380,Accessories,Unisex,Sunglasses,BrandO,active,instock,2025-09-29 13:42:11
SKU00381,Unisex Watches 381,Accessories,Unisex,Watches,BrandG,active,instock,2025-09-06 17:17:20
SKU00382,Men Shoes 382,Footwear,Men,Shoes,BrandS,active,instock,2025-08-07 04:23:12
SKU00383,Men Shoes 383,Footwear,Men,Shoes,BrandY,active,instock,2025-08-09 21:10:31
SKU00384,Men Shirts 384,Clothing,Men,Shirts,BrandK,active,instock,2025-09-11 07:17:19
SKU00385,Unisex Wearables 385,Electronics,Unisex,Wearables,BrandW,active,instock,2025-09-27 16:26:47
SKU00386,Unisex Sunglasses 386,Accessories,Unisex,Sunglasses,BrandM,active,instock,2025-09-03 10:30:25
SKU00387,Kids T-shirts 387,Clothing,Kids,T-shirts,BrandP,active,instock,2025-07-04 14:15:43
SKU00388,Kids T-shirts 388,Clothing,Kids,T-shirts,BrandQ,active,instock,2025-08-27 07:13:12
SKU00389,Unisex Watches 389,Accessories,Unisex,Watches,BrandD,active,instock,2025-09-23 21:00:40
SKU00390,Unisex Wearables 390,Electronics,Unisex,Wearables,BrandD,active,instock,2025-08-21 01:33:17
SKU00391,Unisex Wearables 391,Electronics,Unisex,Wearables,BrandA,active,instock,2025-09-09 03:24:58
SKU00392,Kids T-shirts 392,Clothing,Kids,T-shirts,BrandN,active,instock,2025-09-23 13:25:15
SKU00393,Kids T-shirts 393,Clothing,Kids,T-shirts,BrandC,active,instock,2025-08-15 13:59:32
SKU00394,Women Sandals 394,Footwear,Women,Sandals,BrandK,active,instock,2025-08-30 12:17:58
SKU00395,Unisex Sunglasses 395,Accessories,Unisex,Sunglasses,BrandU,active,instock,2025-07-08 19:08:53
SKU00396,Unisex Watches 396,Accessories,Unisex,Watches,BrandV,active,instock,2025-09-22 10:24:44
SKU00397,Unisex Sunglasses 397,Accessories,Unisex,Sunglasses,BrandK,active,instock,2025-08-30 20:32:52
SKU00398,Unisex Wearables 398,Electronics,Unisex,Wearables,BrandR,active,instock,2025-07-04 11:39:03
SKU00399,Women Dresses 399,Clothing,Women,Dresses,BrandH,active,instock,2025-08-31 06:42:42
SKU00400,Women Sandals 400,Footwear,Women,Sandals,BrandH,active,instock,2025-09-11 12:05:30
SKU00401,Women Dresses 401,Clothing,Women,Dresses,BrandN,active,instock,2025-07-10 13:23:20
SKU00402,Women Dresses 402,Clothing,Women,Dresses,BrandO,active,instock,2025-07-17 03:39:28
SKU00403,Women Sandals 403,Footwear,Women,Sandals,BrandA,active,instock,2025-07-05 11:10:00
SKU00404,Unisex Watches 404,Accessories,Unisex,Watches,BrandZ,active,instock,2025-07-06 10:46:02
SKU00405,Women Sandals 405,Footwear,Women,Sandals,BrandL,active,instock,2025-08-06 09:26:34
SKU00406,Unisex Sunglasses 406,Accessories,Unisex,Sunglasses,BrandE,active,instock,2025-07-24 17:01:16
SKU00407,Unisex Sunglasses 407,Accessories,Unisex,Sunglasses,BrandS,active,instock,2025-09-05 04:42:36
SKU00408,Kids T-shirts 408,Clothing,Kids,T-shirts,BrandF,active,instock,2025-07-17 23:56:28
SKU00409,Women Dresses 409,Clothing,Women,Dresses,BrandT,active,instock,2025-09-23 13:12:12
SKU00410,Unisex Sunglasses 410,Accessories,Unisex,Sunglasses,BrandT,active,instock,2025-09-05 07:49:08
SKU00411,Men Shoes 411,Footwear,Men,Shoes,BrandP,active,instock,2025-09-27 15:02:44
SKU00412,Kids T-shirts 412,Clothing,Kids,T-shirts,BrandH,active,instock,2025-08-14 18:33:25
SKU00413,Women Sandals 413,Footwear,Women,Sandals,BrandO,active,instock,2025-07-25 18:57:15
SKU00414,Men Shirts 414,Clothing,Men,Shirts,BrandZ,active,instock,2025-08-15 04:07:07
SKU00415,Women Sandals 415,Footwear,Women,Sandals,BrandV,active,instock,2025-08-23 01:39:57
SKU00416,Kids T-shirts 416,Clothing,Kids,T-shirts,BrandC,active,instock,2025-08-12 21:18:17
SKU00417,Unisex Watches 417,Accessories,Unisex,Watches,BrandS,active,instock,2025-07-30 01:04:47
SKU00418,Unisex Sunglasses 418,Accessories,Unisex,Sunglasses,BrandW,active,instock,2025-07-25 06:46:15
SKU00419,Unisex Wearables 419,Electronics,Unisex,Wearables,BrandJ,active,instock,2025-07-20 08:12:33
SKU00420,Unisex Sunglasses 420,Accessories,Unisex,Sunglasses,BrandP,active,instock,2025-07-11 08:31:12
SKU00421,Men Shoes 421,Footwear,Men,Shoes,BrandM,active,instock,2025-08-25 12:40:35
SKU00422,Unisex Watches 422,Accessories,Unisex,Watches,BrandS,active,instock,2025-07-29 17:25:57
SKU00423,Women Sandals 423,Footwear,Women,Sandals,BrandA,active,instock,2025-09-19 14:07:39
SKU00424,Unisex Sunglasses 424,Accessories,Unisex,Sunglasses,BrandI,active,instock,2025-07-01 18:52:10
SKU00425,Men Shirts 425,Clothing,Men,Shirts,BrandT,active,instock,2025-09-11 08:22:37
SKU00426,Unisex Wearables 426,Electronics,Unisex,Wearables,BrandJ,active,instock,2025-09-14 07:36:26
SKU00427,Men Shoes 427,Footwear,Men,Shoes,BrandT,active,instock,2025-09-16 20:38:12
SKU00428,Unisex Watches 428,Accessories,Unisex,Watches,BrandH,active,instock,2025-08-31 19:25:37
SKU00429,Men Shoes 429,Footwear,Men,Shoes,BrandT,active,instock,2025-07-25 08:00:09
SKU00430,Kids T-shirts 430,Clothing,Kids,T-shirts,BrandU,active,instock,2025-07-10 10:24:30
SKU00431,Men Shirts 431,Clothing,Men,Shirts,BrandJ,active,instock,2025-09-15 13:35:44
SKU00432,Unisex Wearables 432,Electronics,Unisex,Wearables,BrandB,active,instock,2025-08-26 06:30:17
SKU00433,Unisex Watches 433,Accessories,Unisex,Watches,BrandX,active,instock,2025-07-13 18:12:42
SKU00434,Women Dresses 434,Clothing,Women,Dresses,BrandJ,active,instock,2025-08-01 17:18:38
SKU00435,Unisex Sunglasses 435,Accessories,Unisex,Sunglasses,BrandF,active,instock,2025-07-20 11:53:08
SKU00436,Kids T-shirts 436,Clothing,Kids,T-shirts,BrandZ,active,instock,2025-08-22 08:54:40
SKU00437,Unisex Watches 437,Accessories,Unisex,Watches,BrandQ,active,instock,2025-08-18 17:15:59
SKU00438,Women Sandals 438,Footwear,Women,Sandals,BrandF,active,instock,2025-07-25 22:47:01
SKU00439,Unisex Wearables 439,Electronics,Unisex,Wearables,BrandZ,active,instock,2025-07-29 15:43:45
SKU00440,Unisex Watches 440,Accessories,Unisex,Watches,BrandZ,active,instock,2025-07-12 04:21:53
SKU00441,Unisex Wearables 441,Electronics,Unisex,Wearables,BrandC,active,instock,2025-07-14 15:59:15
SKU00442,Men Shoes 442,Footwear,Men,Shoes,BrandV,active,instock,2025-09-09 07:32:50
SKU00443,Unisex Sunglasses 443,Accessories,Unisex,Sunglasses,BrandZ,active,instock,2025-08-24 02:37:57
SKU00444,Unisex Watches 444,Accessories,Unisex,Watches,BrandC,active,instock,2025-09-15 18:25:21
SKU00445,Unisex Sunglasses 445,Accessories,Unisex,Sunglasses,BrandA,active,instock,2025-07-26 16:13:59
SKU00446,Women Dresses 446,Clothing,Women,Dresses,BrandO,active,instock,2025-08-05 18:52:00
SKU00447,Women Sandals 447,Footwear,Women,Sandals,BrandS,active,instock,2025-08-06 23:51:13
SKU00448,Unisex Watches 448,Accessories,Unisex,Watches,BrandD,active,instock,2025-09-04 12:28:59
SKU00449,Men Shoes 449,Footwear,Men,Shoes,BrandP,active,instock,2025-07-03 10:18:41
SKU00450,Unisex Watches 450,Accessories,Unisex,Watches,BrandT,active,instock,2025-07-22 11:49:22
SKU00451,Women Dresses 451,Clothing,Women,Dresses,BrandU,active,instock,2025-09-18 23:43:19
SKU00452,Unisex Wearables 452,Electronics,Unisex,Wearables,BrandW,active,instock,2025-07-30 08:09:14
SKU00453,Unisex Sunglasses 453,Accessories,Unisex,Sunglasses,BrandD,active,instock,2025-07-14 13:42:14
SKU00454,Men Shirts 454,Clothing,Men,Shirts,BrandB,active,instock,2025-07-30 13:13:15
SKU00455,Unisex Wearables 455,Electronics,Unisex,Wearables,BrandD,active,instock,2025-07-10 10:28:25
SKU00456,Men Shoes 456,Footwear,Men,Shoes,BrandR,active,instock,2025-07-14 04:07:12
SKU00457,Unisex Sunglasses 457,Accessories,Unisex,Sunglasses,BrandO,active,instock,2025-08-06 00:31:10
SKU00458,Unisex Sunglasses 458,Accessories,Unisex,Sunglasses,BrandS,active,instock,2025-09-11 01:36:43
SKU00459,Kids T-shirts 459,Clothing,Kids,T-shirts,BrandN,active,instock,2025-09-02 14:04:43
SKU00460,Women Dresses 460,Clothing,Women,Dresses,BrandP,active,instock,2025-08-29 18:34:25
SKU00461,Unisex Sunglasses 461,Accessories,Unisex,Sunglasses,BrandI,active,instock,2025-07-04 04:14:04
SKU00462,Unisex Watches 462,Accessories,Unisex,Watches,BrandG,active,instock,2025-08-13 01:09:26
SKU00463,Unisex Wearables 463,Electronics,Unisex,Wearables,BrandH,active,instock,2025-09-22 01:20:36
SKU00464,Unisex Watches 464,Accessories,Unisex,Watches,BrandD,active,instock,2025-09-05 13:45:02
SKU00465,Unisex Watches 465,Accessories,Unisex,Watches,BrandR,active,instock,2025-09-26 13:06:16
SKU00466,Unisex Watches 466,Accessories,Unisex,Watches,BrandB,active,instock,2025-08-08 15:43:57
SKU00467,Women Sandals 467,Footwear,Women,Sandals,BrandG,active,instock,2025-07-12 20:39:09
SKU00468,Unisex Wearables 468,Electronics,Unisex,Wearables,BrandC,active,instock,2025-09-03 08:21:47
SKU00469,Men Shoes 469,Footwear,Men,Shoes,BrandU,active,instock,2025-09-01 02:07:35
SKU00470,Men Shirts 470,Clothing,Men,Shirts,BrandB,active,instock,2025-09-15 09:21:51
SKU00471,Unisex Watches 471,Accessories,Unisex,Watches,BrandH,active,instock,2025-07-13 05:25:26
SKU00472,Men Shoes 472,Footwear,Men,Shoes,BrandC,active,instock,2025-09-19 13:36:56
SKU00473,Men Shoes 473,Footwear,Men,Shoes,BrandS,active,instock,2025-07-21 23:12:11
SKU00474,Men Shoes 474,Footwear,Men,Shoes,BrandK,active,instock,2025-09-14 04:24:34
SKU00475,Kids T-shirts 475,Clothing,Kids,T-shirts,BrandZ,active,instock,2025-09-26 10:23:21
SKU00476,Men Shirts 476,Clothing,Men,Shirts,BrandI,active,instock,2025-09-22 08:13:52
SKU00477,Kids T-shirts 477,Clothing,Kids,T-shirts,BrandE,active,instock,2025-08-22 10:47:35
SKU00478,Women Sandals 478,Footwear,Women,Sandals,BrandZ,active,instock,2025-07-17 22:36:27
SKU00479,Women Dresses 479,Clothing,Women,Dresses,BrandV,active,instock,2025-09-23 02:58:11
SKU00480,Men Shirts 480,Clothing,Men,Shirts,BrandE,active,instock,2025-07-02 10:37:37
SKU00481,Unisex Watches 481,Accessories,Unisex,Watches,BrandZ,active,instock,2025-09-15 13:10:43
SKU00482,Men Shoes 482,Footwear,Men,Shoes,BrandS,active,instock,2025-08-01 10:26:31
SKU00483,Men Shirts 483,Clothing,Men,Shirts,BrandF,active,instock,2025-07-26 18:21:04
SKU00484,Men Shirts 484,Clothing,Men,Shirts,BrandE,active,instock,2025-09-11 00:19:42
SKU00485,Unisex Sunglasses 485,Accessories,Unisex,Sunglasses,BrandQ,active,instock,2025-07-12 00:49:19
SKU00486,Women Dresses 486,Clothing,Women,Dresses,BrandP,active,instock,2025-08-13 12:33:25
SKU00487,Unisex Watches 487,Accessories,Unisex,Watches,BrandQ,active,instock,2025-08-27 15:20:31
SKU00488,Women Dresses 488,Clothing,Women,Dresses,BrandO,active,instock,2025-08-18 22:01:45
SKU00489,Men Shoes 489,Footwear,Men,Shoes,BrandT,active,instock,2025-07-05 05:02:52
SKU00490,Women Sandals 490,Footwear,Women,Sandals,BrandO,active,instock,2025-09-01 11:05:32
SKU00491,Men Shirts 491,Clothing,Men,Shirts,BrandB,active,instock,2025-08-16 12:06:31
SKU00492,Unisex Sunglasses 492,Accessories,Unisex,Sunglasses,BrandN,active,instock,2025-09-05 14:43:22
SKU00493,Women Dresses 493,Clothing,Women,Dresses,BrandP,active,instock,2025-09-08 04:00:55
SKU00494,Unisex Wearables 494,Electronics,Unisex,Wearables,BrandC,active,instock,2025-09-26 07:26:36
SKU00495,Women Dresses 495,Clothing,Women,Dresses,BrandK,active,instock,2025-08-29 01:26:08
SKU00496,Kids T-shirts 496,Clothing,Kids,T-shirts,BrandC,active,instock,2025-07-13 06:02:51
SKU00497,Women Sandals 497,Footwear,Women,Sandals,BrandT,active,instock,2025-08-31 11:10:32
SKU00498,Unisex Watches 498,Accessories,Unisex,Watches,BrandM,active,instock,2025-08-28 00:01:26
SKU00499,Women Sandals 499,Footwear,Women,Sandals,BrandO,active,instock,2025-08-19 02:01:09
SKU00500,Unisex Sunglasses 500,Accessories,Unisex,Sunglasses,BrandD,active,instock,2025-09-16 00:02:52
