skuid,warehouse_id,stock_quantity,reserved_quantity,created_at
62316095,WH1,0,2,2026-03-18T10:15:32.436022
1982137274,WH2,23,2,2026-03-18T10:15:32.436022
059035342X,WH3,41,3,2026-03-18T10:15:32.436022
307474275,WH1,12,1,2026-03-18T10:15:32.436022
140449132,WH2,35,4,2026-03-18T10:15:32.436022
61120081,WH3,9,0,2026-03-18T10:15:32.436022
553386794,WH1,28,2,2026-03-18T10:15:32.436022
544003411,WH2,44,5,2026-03-18T10:15:32.436022
62316117,WH3,17,1,2026-03-18T10:15:32.436022
143127748,WH1,39,3,2026-03-18T10:15:32.436022
1594634025,WH2,6,0,2026-03-18T10:15:32.436022
038549081X,WH3,31,2,2026-03-18T10:15:32.436022
62457713,WH1,25,1,2026-03-18T10:15:32.436022
142437239,WH2,48,6,2026-03-18T10:15:32.436022
030788744X,WH3,14,2,2026-03-18T10:15:32.436022
62315005,WH1,36,3,2026-03-18T10:15:32.436022
596007120,WH2,19,1,2026-03-18T10:15:32.436022
262033844,WH3,27,2,2026-03-18T10:15:32.436022
132350882,WH1,42,4,2026-03-18T10:15:32.436022
735211299,WH2,8,0,2026-03-18T10:15:32.436022
385472579,WH3,33,3,2026-03-18T10:15:32.436022
60850523,WH1,21,2,2026-03-18T10:15:32.436022
143039954,WH2,45,5,2026-03-18T10:15:32.436022
1501128035,WH3,11,1,2026-03-18T10:15:32.436022
525559477,WH1,37,4,2026-03-18T10:15:32.436022
804139296,WH2,16,2,2026-03-18T10:15:32.436022
66620996,WH3,29,3,2026-03-18T10:15:32.436022
006245773X,WH1,40,5,2026-03-18T10:15:32.436022
451524934,WH2,13,1,2026-03-18T10:15:32.436022
316769487,WH3,34,2,2026-03-18T10:15:32.436022
671027034,WH1,7,0,2026-03-18T10:15:32.436022
1982157283,WH2,30,3,2026-03-18T10:15:32.436022
593230256,WH3,24,2,2026-03-18T10:15:32.436022
345803485,WH1,46,6,2026-03-18T10:15:32.436022
081298160X,WH2,18,1,2026-03-18T10:15:32.436022
590353403,WH3,32,3,2026-03-18T10:15:32.436022
143110438,WH1,10,0,2026-03-18T10:15:32.436022
307465357,WH2,38,4,2026-03-18T10:15:32.436022
140283331,WH3,15,2,2026-03-18T10:15:32.436022
62315008,WH1,43,5,2026-03-18T10:15:32.436022
307346617,WH2,20,1,2026-03-18T10:15:32.436022
61992275,WH3,26,2,2026-03-18T10:15:32.436022
006256577X,WH1,47,3,2026-03-18T10:15:32.436022
1250316774,WH2,22,0,2026-03-18T10:15:32.436022
62457715,WH3,5,4,2026-03-18T10:15:32.436022
307277674,WH1,49,1,2026-03-18T10:15:32.436022
385484518,WH2,9,3,2026-03-18T10:15:32.436022
1501173219,WH3,35,2,2026-03-18T10:15:32.436022
143130722,WH1,12,5,2026-03-18T10:15:32.436022
399590501,WH2,41,1,2026-03-18T10:15:32.436022
62316112,WH3,28,2,2026-03-18T10:15:32.436022
307719227,WH1,16,3,2026-03-18T10:15:32.436022
143127550,WH2,39,0,2026-03-18T10:15:32.436022
62315009,WH3,7,4,2026-03-18T10:15:32.436022
143126562,WH1,44,2,2026-03-18T10:15:32.436022
62316113,WH2,21,1,2026-03-18T10:15:32.436022
307463740,WH3,33,3,2026-03-18T10:15:32.436022
62871337,WH1,14,2,2026-03-18T10:15:32.436022
307273601,WH2,36,4,2026-03-18T10:15:32.436022
1501161933,WH3,18,1,2026-03-18T10:15:32.436022
140280197,WH1,42,3,2026-03-18T10:15:32.436022
1455586691,WH2,11,2,2026-03-18T10:15:32.436022
62316107,WH3,25,5,2026-03-18T10:15:32.436022
90711001-BEIGE,WH1,47,1,2026-03-18T10:15:32.436022
90711002-WHITE,WH2,13,4,2026-03-18T10:15:32.436022
90711003-BLACK,WH3,30,2,2026-03-18T10:15:32.436022
90711004-GREEN,WH1,22,3,2026-03-18T10:15:32.436022
90711005-OAK,WH2,40,0,2026-03-18T10:15:32.436022
90711006-BLUE,WH3,19,2,2026-03-18T10:15:32.436022
90711007-GRAY,WH1,31,4,2026-03-18T10:15:32.436022
90711008-WHITE,WH2,8,1,2026-03-18T10:15:32.436022
90721001-BLACK,WH3,45,3,2026-03-18T10:15:32.436022
90721002-WHITE,WH1,17,2,2026-03-18T10:15:32.436022
90721003-BEIGE,WH2,29,5,2026-03-18T10:15:32.436022
90721004-GREEN,WH3,34,1,2026-03-18T10:15:32.436022
90721005-WOOD,WH1,10,3,2026-03-18T10:15:32.436022
90721006-BLUE,WH2,38,2,2026-03-18T10:15:32.436022
90721007-WHITE,WH3,6,4,2026-03-18T10:15:32.436022
90721008-GRAY,WH1,43,0,2026-03-18T10:15:32.436022
90721009-BLACK,WH2,15,3,2026-03-18T10:15:32.436022
90721010-WOOD,WH3,27,2,2026-03-18T10:15:32.436022
90731001-WHITE,WH1,48,6,2026-03-18T10:15:32.436022
90731002-GRAY,WH2,12,1,2026-03-18T10:15:32.436022
90731003-BLACK,WH3,35,4,2026-03-18T10:15:32.436022
90731004-BEIGE,WH1,9,2,2026-03-18T10:15:32.436022
90731005-WOOD,WH2,41,3,2026-03-18T10:15:32.436022
90731006-BLUE,WH3,23,0,2026-03-18T10:15:32.436022
90731007-WHITE,WH1,37,5,2026-03-18T10:15:32.436022
90731008-GREEN,WH2,14,2,2026-03-18T10:15:32.436022
90731009-GRAY,WH3,32,4,2026-03-18T10:15:32.436022
90731010-BLACK,WH1,20,1,2026-03-18T10:15:32.436022
90731011-WHITE,WH2,46,3,2026-03-18T10:15:32.436022
90731012-BLACK,WH3,11,2,2026-03-18T10:15:32.436022
90731013-GREEN,WH1,28,6,2026-03-18T10:15:32.436022
90731014-WOOD,WH2,39,1,2026-03-18T10:15:32.436022
90731015-GRAY,WH3,7,3,2026-03-18T10:15:32.436022
90731016-WHITE,WH1,44,2,2026-03-18T10:15:32.436022
90731017-BLACK,WH2,18,4,2026-03-18T10:15:32.436022
90731018-BEIGE,WH3,33,0,2026-03-18T10:15:32.436022
90731019-WHITE,WH1,25,3,2026-03-18T10:15:32.436022
90731020-BLUE,WH2,42,2,2026-03-18T10:15:32.436022
90731021-WHITE,WH3,16,5,2026-03-18T10:15:32.436022
90731022-GRAY,WH1,30,1,2026-03-18T10:15:32.436022
90731023-BLACK,WH2,13,4,2026-03-18T10:15:32.436022
90731024-WOOD,WH3,47,2,2026-03-18T10:15:32.436022
90731025-BLUE,WH1,21,3,2026-03-18T10:15:32.436022
90731026-GREEN,WH2,36,0,2026-03-18T10:15:32.436022
90731027-BLACK,WH3,8,2,2026-03-18T10:15:32.436022
90731028-WHITE,WH1,40,4,2026-03-18T10:15:32.436022
90731029-GRAY,WH2,19,1,2026-03-18T10:15:32.436022
90731030-BEIGE,WH3,31,3,2026-03-18T10:15:32.436022
90731031-WHITE,WH1,10,2,2026-03-18T10:15:32.436022
90731032-BLACK,WH2,45,5,2026-03-18T10:15:32.436022
90731033-GREEN,WH3,17,1,2026-03-18T10:15:32.436022
90732001-500G,WH1,29,3,2026-03-18T10:15:32.436022
90732002-1KG,WH2,34,2,2026-03-18T10:15:32.436022
90732003-200G,WH3,12,4,2026-03-18T10:15:32.436022
90732004-500ML,WH1,38,0,2026-03-18T10:15:32.436022
90732005-1L,WH2,6,3,2026-03-18T10:15:32.436022
90732006-250G,WH3,43,2,2026-03-18T10:15:32.436022
90732007-100G,WH1,15,6,2026-03-18T10:15:32.436022
90732008-500G,WH2,27,1,2026-03-18T10:15:32.436022
90732009-200G,WH3,48,4,2026-03-18T10:15:32.436022
90732010-150G,WH1,22,2,2026-03-18T10:15:32.436022
90732011-1KG,WH2,35,3,2026-03-18T10:15:32.436022
90732012-1KG,WH3,9,0,2026-03-18T10:15:32.436022
90732013-500G,WH1,41,5,2026-03-18T10:15:32.436022
90732014-200G,WH2,23,2,2026-03-18T10:15:32.436022
90732015-750ML,WH3,37,4,2026-03-18T10:15:32.436022
90732016-400G,WH1,14,1,2026-03-18T10:15:32.436022
90732017-200G,WH2,32,3,2026-03-18T10:15:32.436022
90732018-500G,WH3,20,2,2026-03-18T10:15:32.436022
90732019-250G,WH1,46,6,2026-03-18T10:15:32.436022
90732020-300G,WH2,11,1,2026-03-18T10:15:32.436022
90732021-1KG,WH3,28,3,2026-03-18T10:15:32.436022
90732022-500G,WH1,39,2,2026-03-18T10:15:32.436022
90732023-1L,WH2,7,4,2026-03-18T10:15:32.436022
90732024-500G,WH3,44,0,2026-03-18T10:15:32.436022
90732025-200G,WH1,18,3,2026-03-18T10:15:32.436022
90732026-1KG,WH2,33,2,2026-03-18T10:15:32.436022
90732027-100G,WH3,25,5,2026-03-18T10:15:32.436022
90732028-500G,WH1,42,1,2026-03-18T10:15:32.436022
90732029-750ML,WH2,16,4,2026-03-18T10:15:32.436022
90732030-500G,WH3,30,2,2026-03-18T10:15:32.436022
90732031-500G,WH1,13,3,2026-03-18T10:15:32.436022
90732032-200G,WH2,47,0,2026-03-18T10:15:32.436022
90732033-500ML,WH3,21,2,2026-03-18T10:15:32.436022
90732034-100G,WH1,36,4,2026-03-18T10:15:32.436022
90732035-400G,WH2,8,1,2026-03-18T10:15:32.436022
90732036-500G,WH3,40,3,2026-03-18T10:15:32.436022
90732037-250G,WH1,19,2,2026-03-18T10:15:32.436022
90732038-200G,WH2,31,5,2026-03-18T10:15:32.436022
90732039-750ML,WH3,10,1,2026-03-18T10:15:32.436022
90732040-300G,WH1,45,3,2026-03-18T10:15:32.436022
90732041-1KG,WH2,17,2,2026-03-18T10:15:32.436022
90732042-500G,WH3,29,4,2026-03-18T10:15:32.436022
90732043-500G,WH1,34,0,2026-03-18T10:15:32.436022
90732044-200G,WH2,12,3,2026-03-18T10:15:32.436022
90732045-1L,WH3,38,2,2026-03-18T10:15:32.436022
90732046-200G,WH1,6,6,2026-03-18T10:15:32.436022
90732047-1KG,WH2,43,1,2026-03-18T10:15:32.436022
90732048-500G,WH3,15,4,2026-03-18T10:15:32.436022
90732049-250G,WH1,27,2,2026-03-18T10:15:32.436022
90732050-300G,WH2,48,3,2026-03-18T10:15:32.436022
90733001-BLUE,WH3,22,0,2026-03-18T10:15:32.436022
90733002-A4,WH1,35,5,2026-03-18T10:15:32.436022
90733003-SET,WH2,9,2,2026-03-18T10:15:32.436022
90733004-BLACK,WH3,41,4,2026-03-18T10:15:32.436022
90733005-500,WH1,23,1,2026-03-18T10:15:32.436022
90733006-BLUE,WH2,37,3,2026-03-18T10:15:32.436022
90733007-WHITE,WH3,14,2,2026-03-18T10:15:32.436022
90733008-METAL,WH1,32,6,2026-03-18T10:15:32.436022
90733009-GLUE,WH2,20,1,2026-03-18T10:15:32.436022
90733010-RULER,WH3,46,3,2026-03-18T10:15:32.436022
90733011-BLUE,WH1,11,2,2026-03-18T10:15:32.436022
90733012-A4,WH2,28,4,2026-03-18T10:15:32.436022
90733013-METAL,WH3,39,0,2026-03-18T10:15:32.436022
90733014-WHITE,WH1,7,3,2026-03-18T10:15:32.436022
90733015-SET,WH2,44,2,2026-03-18T10:15:32.436022
90733016-A4,WH3,18,5,2026-03-18T10:15:32.436022
90733017-BLACK,WH1,33,1,2026-03-18T10:15:32.436022
90733018-METAL,WH2,25,4,2026-03-18T10:15:32.436022
90733019-SET,WH3,42,2,2026-03-18T10:15:32.436022
90733020-A4,WH1,16,3,2026-03-18T10:15:32.436022
90733021-BLACK,WH2,30,0,2026-03-18T10:15:32.436022
90733022-A4,WH3,13,2,2026-03-18T10:15:32.436022
90733023-WHITE,WH1,47,4,2026-03-18T10:15:32.436022
90733024-BLUE,WH2,21,1,2026-03-18T10:15:32.436022
90733025-BLACK,WH3,36,3,2026-03-18T10:15:32.436022
90733026-METAL,WH1,8,2,2026-03-18T10:15:32.436022
90733027-SET,WH2,40,5,2026-03-18T10:15:32.436022
90733028-BLUE,WH3,19,1,2026-03-18T10:15:32.436022
90733029-WHITE,WH1,31,3,2026-03-18T10:15:32.436022
90733030-BLUE,WH2,10,2,2026-03-18T10:15:32.436022
90733031-BLUE,WH3,45,4,2026-03-18T10:15:32.436022
90733032-BLACK,WH1,17,0,2026-03-18T10:15:32.436022
90733033-SET,WH2,29,3,2026-03-18T10:15:32.436022
90733034-WHITE,WH3,34,2,2026-03-18T10:15:32.436022
90733035-METAL,WH1,12,6,2026-03-18T10:15:32.436022
90733036-SET,WH2,38,1,2026-03-18T10:15:32.436022
90733037-WHITE,WH3,6,4,2026-03-18T10:15:32.436022
90733038-BLUE,WH1,43,2,2026-03-18T10:15:32.436022
90733039-BLACK,WH2,15,3,2026-03-18T10:15:32.436022
90733040-WHITE,WH3,27,0,2026-03-18T10:15:32.436022
90733041-BLUE,WH1,48,5,2026-03-18T10:15:32.436022
90733042-WHITE,WH2,22,2,2026-03-18T10:15:32.436022
90733043-BLUE,WH3,35,4,2026-03-18T10:15:32.436022
90733044-METAL,WH1,9,1,2026-03-18T10:15:32.436022
90733045-SET,WH2,41,3,2026-03-18T10:15:32.436022
90733046-BLACK,WH3,23,2,2026-03-18T10:15:32.436022
90733047-BLUE,WH1,37,6,2026-03-18T10:15:32.436022
90733048-WHITE,WH2,14,1,2026-03-18T10:15:32.436022
90733049-BLACK,WH3,32,3,2026-03-18T10:15:32.436022
90733050-SET,WH1,20,2,2026-03-18T10:15:32.436022
90734001-STEEL,WH2,46,4,2026-03-18T10:15:32.436022
90734002-SET,WH3,11,0,2026-03-18T10:15:32.436022
90734003-STEEL,WH1,28,3,2026-03-18T10:15:32.436022
90734004-STEEL,WH2,39,2,2026-03-18T10:15:32.436022
90734005-STEEL,WH3,7,5,2026-03-18T10:15:32.436022
90734006-BLACK,WH1,44,1,2026-03-18T10:15:32.436022
90734007-SET,WH2,18,4,2026-03-18T10:15:32.436022
90734008-STEEL,WH3,33,2,2026-03-18T10:15:32.436022
90734009-STEEL,WH1,25,3,2026-03-18T10:15:32.436022
90734010-BOX,WH2,42,0,2026-03-18T10:15:32.436022
90734011-STEEL,WH3,16,2,2026-03-18T10:15:32.436022
90734012-BLACK,WH1,30,4,2026-03-18T10:15:32.436022
90734013-STEEL,WH2,13,1,2026-03-18T10:15:32.436022
90734014-YELLOW,WH3,47,3,2026-03-18T10:15:32.436022
90734015-STEEL,WH1,21,2,2026-03-18T10:15:32.436022
90734016-STEEL,WH2,36,5,2026-03-18T10:15:32.436022
90734017-STEEL,WH3,8,1,2026-03-18T10:15:32.436022
90734018-BLACK,WH1,40,3,2026-03-18T10:15:32.436022
90734019-STEEL,WH2,19,2,2026-03-18T10:15:32.436022
90734020-STEEL,WH3,31,4,2026-03-18T10:15:32.436022
90734021-STEEL,WH1,10,0,2026-03-18T10:15:32.436022
90734022-STEEL,WH2,45,3,2026-03-18T10:15:32.436022
90734023-STEEL,WH3,17,2,2026-03-18T10:15:32.436022
90734024-STEEL,WH1,29,6,2026-03-18T10:15:32.436022
90734025-STEEL,WH2,34,1,2026-03-18T10:15:32.436022
90734026-STEEL,WH3,12,4,2026-03-18T10:15:32.436022
90734027-STEEL,WH1,38,2,2026-03-18T10:15:32.436022
90734028-STEEL,WH2,6,3,2026-03-18T10:15:32.436022
90734029-STEEL,WH3,43,0,2026-03-18T10:15:32.436022
90734030-STEEL,WH1,15,5,2026-03-18T10:15:32.436022
90734031-STEEL,WH2,27,2,2026-03-18T10:15:32.436022
90734032-STEEL,WH3,48,4,2026-03-18T10:15:32.436022
90734033-BLACK,WH1,22,1,2026-03-18T10:15:32.436022
90734034-STEEL,WH2,35,3,2026-03-18T10:15:32.436022
90734035-STEEL,WH3,9,2,2026-03-18T10:15:32.436022
90734036-BLUE,WH1,41,6,2026-03-18T10:15:32.436022
90734037-BLACK,WH2,23,1,2026-03-18T10:15:32.436022
90734038-STEEL,WH3,37,3,2026-03-18T10:15:32.436022
90734039-STEEL,WH1,14,2,2026-03-18T10:15:32.436022
90734040-STEEL,WH2,32,4,2026-03-18T10:15:32.436022
90734041-STEEL,WH3,20,0,2026-03-18T10:15:32.436022
90734042-STEEL,WH1,46,3,2026-03-18T10:15:32.436022
90734043-BLACK,WH2,11,2,2026-03-18T10:15:32.436022
90734044-STEEL,WH3,28,5,2026-03-18T10:15:32.436022
90734045-STEEL,WH1,39,1,2026-03-18T10:15:32.436022
90734046-STEEL,WH2,7,4,2026-03-18T10:15:32.436022
90734047-STEEL,WH3,44,2,2026-03-18T10:15:32.436022
90734048-STEEL,WH1,18,3,2026-03-18T10:15:32.436022
90734049-STEEL,WH2,33,0,2026-03-18T10:15:32.436022
90734050-STEEL,WH3,25,2,2026-03-18T10:15:32.436022
SKU_LIP_001,WH1,42,4,2026-03-18T10:15:32.436022
SKU_EYE_001,WH2,16,1,2026-03-18T10:15:32.436022
SKU_SKIN_001,WH3,30,3,2026-03-18T10:15:32.436022
SKU_FOUND_001,WH1,13,2,2026-03-18T10:15:32.436022
SKU_HAIR_001,WH2,47,5,2026-03-18T10:15:32.436022
SKU_LIP_002,WH3,21,1,2026-03-18T10:15:32.436022
SKU_EYE_002,WH1,36,3,2026-03-18T10:15:32.436022
SKU_SKIN_002,WH2,8,2,2026-03-18T10:15:32.436022
SKU_SKIN_003,WH3,40,4,2026-03-18T10:15:32.436022
SKU_FOUND_002,WH1,19,0,2026-03-18T10:15:32.436022
SKU_HAIR_002,WH2,31,3,2026-03-18T10:15:32.436022
SKU_HAIR_003,WH3,10,2,2026-03-18T10:15:32.436022
SKU_SKIN_004,WH1,45,6,2026-03-18T10:15:32.436022
SKU_LIP_003,WH2,17,1,2026-03-18T10:15:32.436022
SKU_SKIN_005,WH3,29,4,2026-03-18T10:15:32.436022
SKU_EYE_003,WH1,34,2,2026-03-18T10:15:32.436022
SKU_SKIN_006,WH2,12,3,2026-03-18T10:15:32.436022
SKU_HAIR_004,WH3,38,0,2026-03-18T10:15:32.436022
SKU_SKIN_007,WH1,6,5,2026-03-18T10:15:32.436022
SKU_EYE_004,WH2,43,2,2026-03-18T10:15:32.436022
SKU_NAIL_001,WH3,15,4,2026-03-18T10:15:32.436022
SKU_SKIN_008,WH1,27,1,2026-03-18T10:15:32.436022
SKU_LIP_004,WH2,48,3,2026-03-18T10:15:32.436022
SKU_SKIN_009,WH3,22,2,2026-03-18T10:15:32.436022
SKU_EYE_005,WH1,35,6,2026-03-18T10:15:32.436022
SKU_SKIN_010,WH2,9,1,2026-03-18T10:15:32.436022
SKU_HAIR_005,WH3,41,3,2026-03-18T10:15:32.436022
SKU_SKIN_011,WH1,23,2,2026-03-18T10:15:32.436022
SKU_LIP_005,WH2,37,4,2026-03-18T10:15:32.436022
SKU_SKIN_012,WH3,14,0,2026-03-18T10:15:32.436022
SKU_PERF_001,WH1,32,3,2026-03-18T10:15:32.436022
SKU_SKIN_013,WH2,20,2,2026-03-18T10:15:32.436022
SKU_EYE_006,WH3,46,5,2026-03-18T10:15:32.436022
SKU_SKIN_014,WH1,11,1,2026-03-18T10:15:32.436022
SKU_HAIR_006,WH2,28,4,2026-03-18T10:15:32.436022
SKU_SKIN_015,WH3,39,2,2026-03-18T10:15:32.436022
SKU_SKIN_016,WH1,7,3,2026-03-18T10:15:32.436022
SKU_NAIL_002,WH2,44,0,2026-03-18T10:15:32.436022
SKU_SKIN_017,WH3,18,2,2026-03-18T10:15:32.436022
SKU_SKIN_018,WH1,33,4,2026-03-18T10:15:32.436022
SKU_SKIN_019,WH2,25,1,2026-03-18T10:15:32.436022
SKU_SKIN_020,WH3,42,3,2026-03-18T10:15:32.436022
SKU_MAKE_001,WH1,16,2,2026-03-18T10:15:32.436022
SKU_SKIN_021,WH2,30,5,2026-03-18T10:15:32.436022
SKU_HAIR_007,WH3,13,1,2026-03-18T10:15:32.436022
SKU_NAIL_003,WH1,47,3,2026-03-18T10:15:32.436022
SKU_SKIN_022,WH2,21,2,2026-03-18T10:15:32.436022
SKU_SKIN_023,WH3,36,4,2026-03-18T10:15:32.436022
SKU_MAKE_002,WH1,8,0,2026-03-18T10:15:32.436022
SKU_HAIR_008,WH2,40,3,2026-03-18T10:15:32.436022
SKU_APP_TSHIRT_051,WH3,19,2,2026-03-18T10:15:32.436022
SKU_APP_SHIRT_052,WH1,31,6,2026-03-18T10:15:32.436022
SKU_APP_JEANS_053,WH2,10,1,2026-03-18T10:15:32.436022
SKU_APP_KURTA_054,WH3,45,4,2026-03-18T10:15:32.436022
SKU_APP_DRESS_055,WH1,17,2,2026-03-18T10:15:32.436022
SKU_APP_HOODIE_056,WH2,29,3,2026-03-18T10:15:32.436022
SKU_APP_LEGGINGS_057,WH3,34,0,2026-03-18T10:15:32.436022
SKU_APP_JACKET_058,WH1,12,5,2026-03-18T10:15:32.436022
SKU_APP_SAREE_059,WH2,38,2,2026-03-18T10:15:32.436022
SKU_APP_SHORTS_060,WH3,6,4,2026-03-18T10:15:32.436022
SKU_APP_POLO_061,WH1,43,1,2026-03-18T10:15:32.436022
SKU_APP_CROPTOP_062,WH2,15,3,2026-03-18T10:15:32.436022
SKU_APP_CHINOS_063,WH3,27,2,2026-03-18T10:15:32.436022
SKU_APP_SKIRT_064,WH1,48,6,2026-03-18T10:15:32.436022
SKU_APP_SWEATER_065,WH2,22,1,2026-03-18T10:15:32.436022
SKU_APP_TANKTOP_066,WH3,35,3,2026-03-18T10:15:32.436022
SKU_APP_TRACKPANT_067,WH1,9,2,2026-03-18T10:15:32.436022
SKU_APP_DUPATTA_068,WH2,41,4,2026-03-18T10:15:32.436022
SKU_APP_BLAZER_069,WH3,23,0,2026-03-18T10:15:32.436022
SKU_APP_PALAZZO_070,WH1,37,3,2026-03-18T10:15:32.436022
SKU_APP_CARDIGAN_071,WH2,14,2,2026-03-18T10:15:32.436022
SKU_APP_JOGGER_072,WH3,32,5,2026-03-18T10:15:32.436022
SKU_APP_BLOUSE_073,WH1,20,1,2026-03-18T10:15:32.436022
SKU_APP_OVERALLS_074,WH2,46,4,2026-03-18T10:15:32.436022
SKU_APP_PONCHO_075,WH3,11,2,2026-03-18T10:15:32.436022
SKU_APP_WAISTCOAT_076,WH1,28,3,2026-03-18T10:15:32.436022
SKU_APP_SHRUG_077,WH2,39,0,2026-03-18T10:15:32.436022
SKU_APP_THERMAL_078,WH3,7,2,2026-03-18T10:15:32.436022
SKU_APP_ROMPER_079,WH1,44,4,2026-03-18T10:15:32.436022
SKU_APP_OVERCOAT_080,WH2,18,1,2026-03-18T10:15:32.436022
SKU_APP_VEST_081,WH3,33,3,2026-03-18T10:15:32.436022
SKU_APP_CAMISOLE_082,WH1,25,2,2026-03-18T10:15:32.436022
SKU_APP_CAPRI_083,WH2,42,5,2026-03-18T10:15:32.436022
SKU_APP_ANARKALI_084,WH3,16,1,2026-03-18T10:15:32.436022
SKU_APP_PETTICOAT_085,WH1,30,3,2026-03-18T10:15:32.436022
SKU_APP_DHOTI_086,WH2,13,2,2026-03-18T10:15:32.436022
SKU_APP_LUNGI_087,WH3,47,4,2026-03-18T10:15:32.436022
SKU_APP_PARKA_088,WH1,21,0,2026-03-18T10:15:32.436022
SKU_APP_TUXEDO_089,WH2,36,3,2026-03-18T10:15:32.436022
SKU_APP_JUMPSUIT_090,WH3,8,2,2026-03-18T10:15:32.436022
SKU_APP_PULLOVER_091,WH1,40,6,2026-03-18T10:15:32.436022
SKU_APP_BURKHA_092,WH2,19,1,2026-03-18T10:15:32.436022
SKU_APP_RAINCOAT_093,WH3,31,4,2026-03-18T10:15:32.436022
SKU_APP_BODYSUIT_094,WH1,10,2,2026-03-18T10:15:32.436022
SKU_APP_NIGHTSUIT_095,WH2,45,3,2026-03-18T10:15:32.436022
SKU_APP_BATHROBE_096,WH3,17,0,2026-03-18T10:15:32.436022
SKU_APP_HENLEY_097,WH1,29,5,2026-03-18T10:15:32.436022
SKU_APP_KAFTAN_098,WH2,34,2,2026-03-18T10:15:32.436022
SKU_APP_GOWN_099,WH3,12,4,2026-03-18T10:15:32.436022
SKU_APP_WORKPANT_100,WH1,38,1,2026-03-18T10:15:32.436022
SKU_ELEC_PHONE_101,WH2,6,3,2026-03-18T10:15:32.436022
SKU_ELEC_LAPTOP_102,WH3,43,2,2026-03-18T10:15:32.436022
SKU_ELEC_EARBUDS_103,WH1,15,6,2026-03-18T10:15:32.436022
SKU_ELEC_TV_104,WH2,27,1,2026-03-18T10:15:32.436022
SKU_ELEC_SMARTWATCH_105,WH3,48,3,2026-03-18T10:15:32.436022
SKU_ELEC_CAMERA_106,WH1,22,2,2026-03-18T10:15:32.436022
SKU_ELEC_SPEAKER_107,WH2,35,4,2026-03-18T10:15:32.436022
SKU_ELEC_TABLET_108,WH3,9,0,2026-03-18T10:15:32.436022
SKU_ELEC_ROUTER_109,WH1,41,3,2026-03-18T10:15:32.436022
SKU_ELEC_POWERBANK_110,WH2,23,2,2026-03-18T10:15:32.436022
SKU_ELEC_KEYBOARD_111,WH3,37,5,2026-03-18T10:15:32.436022
SKU_ELEC_MOUSE_112,WH1,14,1,2026-03-18T10:15:32.436022
SKU_ELEC_MONITOR_113,WH2,32,4,2026-03-18T10:15:32.436022
SKU_ELEC_PRINTER_114,WH3,20,2,2026-03-18T10:15:32.436022
SKU_ELEC_HARDDRIVE_115,WH1,46,3,2026-03-18T10:15:32.436022
SKU_ELEC_SSD_116,WH2,11,0,2026-03-18T10:15:32.436022
SKU_ELEC_DRONE_117,WH3,28,2,2026-03-18T10:15:32.436022
SKU_ELEC_CONSOLE_118,WH1,39,4,2026-03-18T10:15:32.436022
SKU_ELEC_VR_119,WH2,7,1,2026-03-18T10:15:32.436022
SKU_ELEC_PROJECTOR_120,WH3,44,3,2026-03-18T10:15:32.436022
SKU_ELEC_CABLE_121,WH1,18,2,2026-03-18T10:15:32.436022
SKU_ELEC_HEADPHONE_122,WH2,33,5,2026-03-18T10:15:32.436022
SKU_ELEC_MIC_123,WH3,25,1,2026-03-18T10:15:32.436022
SKU_ELEC_CONTROLLER_124,WH1,42,3,2026-03-18T10:15:32.436022
SKU_ELEC_DASHCAM_125,WH2,16,2,2026-03-18T10:15:32.436022
SKU_ELEC_TRIPOD_126,WH3,30,4,2026-03-18T10:15:32.436022
SKU_ELEC_FLASH_127,WH1,13,0,2026-03-18T10:15:32.436022
SKU_ELEC_SMARTBULB_128,WH2,47,3,2026-03-18T10:15:32.436022
SKU_ELEC_SMARTPLUG_129,WH3,21,2,2026-03-18T10:15:32.436022
SKU_ELEC_AIRPURIFIER_130,WH1,36,6,2026-03-18T10:15:32.436022
SKU_ELEC_KINDLE_131,WH2,8,1,2026-03-18T10:15:32.436022
SKU_ELEC_DRAWINGTAB_132,WH3,40,4,2026-03-18T10:15:32.436022
SKU_ELEC_WEBCAM_133,WH1,19,2,2026-03-18T10:15:32.436022
SKU_ELEC_LENS_134,WH2,31,3,2026-03-18T10:15:32.436022
SKU_ELEC_GIMBAL_135,WH3,10,0,2026-03-18T10:15:32.436022
SKU_ELEC_SOUNDBAR_136,WH1,45,5,2026-03-18T10:15:32.436022
SKU_ELEC_DOORBELL_137,WH2,17,2,2026-03-18T10:15:32.436022
SKU_ELEC_THERMOSTAT_138,WH3,29,4,2026-03-18T10:15:32.436022
SKU_ELEC_KETTLE_139,WH1,34,1,2026-03-18T10:15:32.436022
SKU_ELEC_BLENDER_140,WH2,12,3,2026-03-18T10:15:32.436022
SKU_ELEC_SMARTLOCK_141,WH3,38,2,2026-03-18T10:15:32.436022
SKU_ELEC_ACTIONCAM_142,WH1,6,6,2026-03-18T10:15:32.436022
SKU_ELEC_PORTABLESSD_143,WH2,43,1,2026-03-18T10:15:32.436022
SKU_ELEC_STREAMSTICK_144,WH3,15,3,2026-03-18T10:15:32.436022
SKU_ELEC_SMARTSCALE_145,WH1,27,2,2026-03-18T10:15:32.436022
SKU_ELEC_BABYMONITOR_146,WH2,48,4,2026-03-18T10:15:32.436022
SKU_ELEC_CLICKER_147,WH3,22,0,2026-03-18T10:15:32.436022
SKU_ELEC_DIGITALFRAME_148,WH1,35,3,2026-03-18T10:15:32.436022
SKU_ELEC_GAMINGCHAIR_149,WH2,9,2,2026-03-18T10:15:32.436022
SKU_ELEC_DESKFAN_150,WH3,41,5,2026-03-18T10:15:32.436022
SKU_JEW_RING_151,WH1,23,1,2026-03-18T10:15:32.436022
SKU_JEW_NECKLACE_152,WH2,37,4,2026-03-18T10:15:32.436022
SKU_JEW_EARRING_153,WH3,14,2,2026-03-18T10:15:32.436022
SKU_JEW_BRACELET_154,WH1,32,3,2026-03-18T10:15:32.436022
SKU_JEW_ANKLET_155,WH2,20,0,2026-03-18T10:15:32.436022
SKU_JEW_WATCH_156,WH3,46,2,2026-03-18T10:15:32.436022
SKU_JEW_SUNGLASSES_157,WH1,11,4,2026-03-18T10:15:32.436022
SKU_JEW_HANDBAG_158,WH2,28,1,2026-03-18T10:15:32.436022
SKU_JEW_BELT_159,WH3,39,3,2026-03-18T10:15:32.436022
SKU_JEW_WALLET_160,WH1,7,2,2026-03-18T10:15:32.436022
SKU_JEW_HAT_161,WH2,44,5,2026-03-18T10:15:32.436022
SKU_JEW_SCARF_162,WH3,18,1,2026-03-18T10:15:32.436022
SKU_JEW_BROOCH_163,WH1,33,3,2026-03-18T10:15:32.436022
SKU_JEW_CHAIN_164,WH2,25,2,2026-03-18T10:15:32.436022
SKU_JEW_TOERING_165,WH3,42,4,2026-03-18T10:15:32.436022
SKU_JEW_BACKPACK_166,WH1,16,0,2026-03-18T10:15:32.436022
SKU_JEW_HAIRPIN_167,WH2,30,3,2026-03-18T10:15:32.436022
SKU_JEW_CUFFLINK_168,WH3,13,2,2026-03-18T10:15:32.436022
SKU_JEW_KEYCHAIN_169,WH1,47,6,2026-03-18T10:15:32.436022
SKU_JEW_DUFFEL_170,WH2,21,1,2026-03-18T10:15:32.436022
SKU_JEW_PENDANT_171,WH3,36,4,2026-03-18T10:15:32.436022
SKU_JEW_LOCKET_172,WH1,8,2,2026-03-18T10:15:32.436022
SKU_JEW_NOSEPIN_173,WH2,40,3,2026-03-18T10:15:32.436022
SKU_JEW_BANGLES_174,WH3,19,0,2026-03-18T10:15:32.436022
SKU_JEW_TIARA_175,WH1,31,5,2026-03-18T10:15:32.436022
SKU_JEW_HAIRBAND_176,WH2,10,2,2026-03-18T10:15:32.436022
SKU_JEW_HAIRCLIP_177,WH3,45,4,2026-03-18T10:15:32.436022
SKU_JEW_CARDHOLDER_178,WH1,17,1,2026-03-18T10:15:32.436022
SKU_JEW_LUGGAGETAG_179,WH2,29,3,2026-03-18T10:15:32.436022
SKU_JEW_TRAVELWALLET_180,WH3,34,2,2026-03-18T10:15:32.436022
SKU_JEW_LAPELPIN_181,WH1,12,6,2026-03-18T10:15:32.436022
SKU_JEW_TIECLIP_182,WH2,38,1,2026-03-18T10:15:32.436022
SKU_JEW_ARMLET_183,WH3,6,3,2026-03-18T10:15:32.436022
SKU_JEW_WAISTCHAIN_184,WH1,43,2,2026-03-18T10:15:32.436022
SKU_JEW_SCRUNCHIE_185,WH2,15,4,2026-03-18T10:15:32.436022
SKU_JEW_POTLIBAG_186,WH3,27,0,2026-03-18T10:15:32.436022
SKU_JEW_SUNGLASSCHAIN_187,WH1,48,3,2026-03-18T10:15:32.436022
SKU_JEW_JEWELBOX_188,WH2,22,2,2026-03-18T10:15:32.436022
SKU_JEW_WATCHSTRAP_189,WH3,35,5,2026-03-18T10:15:32.436022
SKU_JEW_BEADBRACELET_190,WH1,9,1,2026-03-18T10:15:32.436022
SKU_JEW_GEMRING_191,WH2,41,4,2026-03-18T10:15:32.436022
SKU_JEW_JEWELROLL_192,WH3,23,2,2026-03-18T10:15:32.436022
SKU_JEW_CHARMKEY_193,WH1,37,3,2026-03-18T10:15:32.436022
SKU_JEW_BROOCHSET_194,WH2,14,0,2026-03-18T10:15:32.436022
SKU_JEW_WAISTBELT_195,WH3,32,2,2026-03-18T10:15:32.436022
SKU_JEW_SOCKS_196,WH1,20,4,2026-03-18T10:15:32.436022
SKU_JEW_GLOVES_197,WH2,46,1,2026-03-18T10:15:32.436022
SKU_JEW_UMBRELLA_198,WH3,11,3,2026-03-18T10:15:32.436022
SKU_JEW_PHONECHARM_199,WH1,28,2,2026-03-18T10:15:32.436022
SKU_JEW_COINPURSE_200,WH2,39,5,2026-03-18T10:15:32.436022
SKU_PHA_PARACETAMOL_001,WH3,7,1,2026-03-18T10:15:32.436022
SKU_PHA_IBUPROFEN_002,WH1,44,3,2026-03-18T10:15:32.436022
SKU_PHA_ANTACID_003,WH2,18,2,2026-03-18T10:15:32.436022
SKU_PHA_COUGH_004,WH3,33,4,2026-03-18T10:15:32.436022
SKU_PHA_VITC_005,WH1,25,0,2026-03-18T10:15:32.436022
SKU_PHA_MULTIVIT_006,WH2,42,3,2026-03-18T10:15:32.436022
SKU_PHA_BANDAGE_007,WH3,16,2,2026-03-18T10:15:32.436022
SKU_PHA_SANITIZER_008,WH1,30,6,2026-03-18T10:15:32.436022
SKU_PHA_THERMOMETER_009,WH2,13,1,2026-03-18T10:15:32.436022
SKU_PHA_GLUCOSE_010,WH3,47,4,2026-03-18T10:15:32.436022
SKU_PHA_B12_011,WH1,21,2,2026-03-18T10:15:32.436022
SKU_PHA_DIGENE_012,WH2,36,3,2026-03-18T10:15:32.436022
SKU_PHA_VITD_013,WH3,8,2,2026-03-18T10:15:32.436022
SKU_PHA_GASRELIEF_014,WH1,40,1,2026-03-18T10:15:32.436022
SKU_PHA_ANTIFUNGAL_015,WH2,19,4,2026-03-18T10:15:32.436022
SKU_PHA_ANTIBIOTIC_016,WH3,31,2,2026-03-18T10:15:32.436022
SKU_PHA_ALLERGY_017,WH1,10,3,2026-03-18T10:15:32.436022
SKU_PHA_BETADINE_018,WH2,45,0,2026-03-18T10:15:32.436022
SKU_PHA_INSULIN_019,WH3,17,5,2026-03-18T10:15:32.436022
SKU_PHA_VITAMINC_020,WH1,29,2,2026-03-18T10:15:32.436022
SKU_PHA_CALCIUM_021,WH2,34,6,2026-03-18T10:15:32.436022
SKU_PHA_IRON_022,WH3,12,1,2026-03-18T10:15:32.436022
SKU_PHA_ZINC_023,WH1,38,3,2026-03-18T10:15:32.436022
SKU_PHA_ORAL_024,WH2,6,4,2026-03-18T10:15:32.436022
SKU_PHA_LOZENGE_025,WH3,43,2,2026-03-18T10:15:32.436022
SKU_PHA_ELECTROLYTE_026,WH1,15,7,2026-03-18T10:15:32.436022
SKU_PHA_INHALER_027,WH2,27,1,2026-03-18T10:15:32.436022
SKU_PHA_OINTMENT_028,WH3,48,3,2026-03-18T10:15:32.436022
SKU_PHA_GLUCOMETER_029,WH1,22,2,2026-03-18T10:15:32.436022
SKU_PHA_BP_030,WH2,35,5,2026-03-18T10:15:32.436022
SKU_PHA_PAINSPRAY_031,WH3,9,0,2026-03-18T10:15:32.436022
SKU_PHA_COOLGEL_032,WH1,41,4,2026-03-18T10:15:32.436022
SKU_PHA_COLDTAB_033,WH2,23,2,2026-03-18T10:15:32.436022
SKU_PHA_DIGESTIVE_034,WH3,37,6,2026-03-18T10:15:32.436022
SKU_PHA_PROBIOTIC_035,WH1,14,1,2026-03-18T10:15:32.436022
SKU_PHA_CALAMINE_036,WH2,32,3,2026-03-18T10:15:32.436022
SKU_PHA_LIVER_037,WH3,20,2,2026-03-18T10:15:32.436022
SKU_PHA_STEAM_038,WH1,46,8,2026-03-18T10:15:32.436022
SKU_PHA_MASK_039,WH2,11,4,2026-03-18T10:15:32.436022
SKU_PHA_VAPORUB_040,WH3,28,1,2026-03-18T10:15:32.436022
SKU_PHA_PROTEIN_041,WH1,39,5,2026-03-18T10:15:32.436022
SKU_PHA_VITAMINK2_042,WH2,7,2,2026-03-18T10:15:32.436022
SKU_PHA_MAGNESIUM_043,WH3,44,3,2026-03-18T10:15:32.436022
SKU_PHA_PROTEINBAR_044,WH1,18,0,2026-03-18T10:15:32.436022
SKU_PHA_COLLAGEN_045,WH2,33,6,2026-03-18T10:15:32.436022
SKU_PHA_BANDAGEKIT_046,WH3,25,2,2026-03-18T10:15:32.436022
SKU_PHA_HEATINGPAD_047,WH1,42,4,2026-03-18T10:15:32.436022
SKU_PHA_PULSE_048,WH2,16,1,2026-03-18T10:15:32.436022
SKU_PHA_MASSAGER_049,WH3,30,3,2026-03-18T10:15:32.436022
SKU_PHA_STRETCH_050,WH1,13,5,2026-03-18T10:15:32.436022
