sku,name,price,pmr_price,pmr_discount,discount_enddate,created_at
SKU00001,Women Dresses 1,9051,7725.93,14.64,26-11-2025 17:52,04-09-2025 03:17
SKU00002,Women Sandals 2,8159,5234,35.85,30-08-2025 08:54,27-07-2025 00:55
SKU00003,Kids T-shirts 3,9656,6118.04,36.64,03-12-2025 10:38,19-07-2025 05:44
SKU00004,Women Dresses 4,2333,1530.91,34.38,02-10-2025 08:33,27-08-2025 10:48
SKU00005,Men Shirts 5,4740,2501.77,47.22,20-11-2025 04:21,27-09-2025 09:33
SKU00006,Men Shoes 6,6928,4722.12,31.84,25-09-2025 02:14,04-08-2025 16:33
SKU00007,Men Shirts 7,8614,4513.74,47.6,23-11-2025 02:17,30-08-2025 06:55
SKU00008,Unisex Sunglasses 8,8893,5291.34,40.5,02-09-2025 18:10,11-09-2025 10:45
SKU00009,Women Sandals 9,7134,6372.8,10.67,22-08-2025 00:17,20-08-2025 06:40
SKU00010,Men Shirts 10,8569,4904.9,42.76,05-08-2025 01:37,17-09-2025 10:12
SKU00011,Kids T-shirts 11,7750,4315.97,44.31,27-08-2025 06:48,14-09-2025 09:43
SKU00012,Unisex Watches 12,9542,5038.18,47.2,13-08-2025 14:23,06-09-2025 06:26
SKU00013,Men Shoes 13,3721,1922.27,48.34,27-11-2025 14:49,02-07-2025 16:43
SKU00014,Women Dresses 14,9723,4918.87,49.41,22-12-2025 01:15,14-09-2025 01:51
SKU00015,Women Dresses 15,8103,6924.82,14.54,25-10-2025 16:37,11-09-2025 15:51
SKU00016,Unisex Watches 16,3969,2696.14,32.07,24-09-2025 08:58,28-08-2025 15:25
SKU00017,Men Shirts 17,5715,3034.09,46.91,06-09-2025 21:30,05-09-2025 07:42
SKU00018,Women Dresses 18,4714,3791.47,19.57,17-11-2025 12:01,29-07-2025 19:14
SKU00019,Women Sandals 19,8577,5442.11,36.55,04-09-2025 01:42,10-09-2025 07:12
SKU00020,Unisex Watches 20,8433,6018.63,28.63,18-08-2025 17:35,21-07-2025 14:08
SKU00021,Women Dresses 21,5618,4255.64,24.25,10-08-2025 17:04,26-08-2025 02:44
SKU00022,Men Shoes 22,5125,2917.15,43.08,17-09-2025 16:32,14-07-2025 23:09
SKU00023,Women Dresses 23,6833,5941.29,13.05,01-11-2025 19:16,06-08-2025 18:56
SKU00024,Women Dresses 24,4841,3705.79,23.45,12-11-2025 20:17,22-09-2025 16:26
SKU00025,Unisex Wearables 25,8348,4999.62,40.11,29-11-2025 10:49,22-09-2025 14:22
SKU00026,Unisex Watches 26,5506,2755.75,49.95,17-10-2025 07:25,23-08-2025 08:50
SKU00027,Unisex Watches 27,6633,4797.65,27.67,30-10-2025 06:34,18-09-2025 12:33
SKU00028,Women Sandals 28,8865,5436.02,38.68,23-12-2025 06:13,09-09-2025 08:32
SKU00029,Women Dresses 29,4516,3583.9,20.64,08-10-2025 11:12,30-09-2025 23:16
SKU00030,Kids T-shirts 30,9207,7756.9,15.75,12-12-2025 18:43,29-08-2025 10:36
SKU00031,Men Shoes 31,1076,705.75,34.41,30-10-2025 21:39,05-07-2025 17:49
SKU00032,Unisex Sunglasses 32,5441,3508.9,35.51,10-11-2025 00:41,21-07-2025 05:28
SKU00033,Men Shoes 33,3461,2904.47,16.08,11-09-2025 01:36,05-09-2025 02:32
SKU00034,Men Shirts 34,6392,4261.55,33.33,25-09-2025 06:51,18-08-2025 01:53
SKU00035,Men Shirts 35,1886,1465.8,22.28,09-10-2025 13:36,11-09-2025 06:40
SKU00036,Unisex Sunglasses 36,6023,3310.24,45.04,02-12-2025 13:20,30-07-2025 17:23
SKU00037,Men Shoes 37,1015,868.94,14.39,20-11-2025 15:24,25-08-2025 21:31
SKU00038,Unisex Watches 38,9632,6025.78,37.44,17-12-2025 18:37,10-08-2025 08:29
SKU00039,Unisex Wearables 39,4743,3426.82,27.75,26-11-2025 21:31,04-09-2025 03:07
SKU00040,Unisex Wearables 40,703,361.34,48.6,28-10-2025 05:09,08-09-2025 01:31
SKU00041,Kids T-shirts 41,3638,2591.35,28.77,13-12-2025 19:50,13-09-2025 10:37
SKU00042,Women Sandals 42,7766,4659.6,40,22-09-2025 18:19,19-09-2025 07:55
SKU00043,Unisex Sunglasses 43,3774,2984.1,20.93,26-10-2025 00:04,03-08-2025 15:02
SKU00044,Unisex Watches 44,1145,1020.77,10.85,04-09-2025 17:29,24-09-2025 05:11
SKU00045,Unisex Wearables 45,9752,5266.08,46,11-08-2025 02:12,23-09-2025 07:35
SKU00046,Men Shirts 46,7244,5569.19,23.12,05-10-2025 16:46,25-08-2025 04:38
SKU00047,Kids T-shirts 47,1046,821.63,21.45,19-12-2025 04:34,07-07-2025 07:01
SKU00048,Unisex Sunglasses 48,6781,3859.07,43.09,08-11-2025 13:27,01-08-2025 16:40
SKU00049,Unisex Sunglasses 49,1860,1015.56,45.4,24-10-2025 04:38,20-07-2025 03:08
SKU00050,Unisex Wearables 50,6217,4371.79,29.68,31-08-2025 04:23,01-07-2025 15:52
SKU00051,Men Shirts 51,9068,6056.52,33.21,29-11-2025 07:22,11-07-2025 04:16
SKU00052,Women Dresses 52,8805,6022.62,31.6,19-10-2025 11:03,08-07-2025 18:22
SKU00053,Women Sandals 53,7585,5907.2,22.12,09-12-2025 06:04,08-08-2025 02:01
SKU00054,Unisex Watches 54,4178,2273.67,45.58,15-11-2025 03:31,16-09-2025 05:52
SKU00055,Unisex Sunglasses 55,2663,2320.8,12.85,17-08-2025 11:34,12-07-2025 20:36
SKU00056,Men Shirts 56,9953,7606.08,23.58,17-12-2025 16:05,20-08-2025 05:33
SKU00057,Women Sandals 57,3145,2482.03,21.08,14-12-2025 07:31,03-09-2025 12:50
SKU00058,Kids T-shirts 58,7719,4939.39,36.01,12-11-2025 09:28,10-09-2025 19:29
SKU00059,Women Dresses 59,1596,896.95,43.8,23-12-2025 23:28,04-07-2025 07:32
SKU00060,Men Shoes 60,9292,7447.54,19.85,11-08-2025 16:41,12-09-2025 02:16
SKU00061,Kids T-shirts 61,988,700.2,29.13,09-10-2025 18:49,24-07-2025 09:47
SKU00062,Men Shirts 62,8418,4669.46,44.53,25-09-2025 02:28,17-07-2025 05:37
SKU00063,Unisex Wearables 63,3168,2252.76,28.89,24-11-2025 10:06,19-09-2025 18:41
SKU00064,Unisex Watches 64,1251,760.23,39.23,24-10-2025 20:10,17-07-2025 05:47
SKU00065,Men Shoes 65,6906,3765.84,45.47,23-09-2025 05:44,27-07-2025 15:04
SKU00066,Women Dresses 66,4132,3339.48,19.18,26-08-2025 02:46,18-09-2025 03:10
SKU00067,Unisex Wearables 67,7965,5436.11,31.75,10-11-2025 08:09,03-08-2025 08:39
SKU00068,Kids T-shirts 68,6349,4484.93,29.36,10-12-2025 05:40,12-09-2025 19:34
SKU00069,Unisex Wearables 69,2608,1487.34,42.97,29-12-2025 10:15,15-07-2025 00:27
SKU00070,Women Sandals 70,8455,4434.65,47.55,21-12-2025 13:29,13-08-2025 11:52
SKU00071,Unisex Sunglasses 71,3875,3459.6,10.72,27-08-2025 00:52,20-07-2025 14:04
SKU00072,Men Shoes 72,7514,6627.35,11.8,20-08-2025 22:20,11-08-2025 02:23
SKU00073,Unisex Sunglasses 73,6393,5658.44,11.49,29-12-2025 05:47,13-08-2025 16:38
SKU00074,Unisex Watches 74,6588,5019.4,23.81,15-08-2025 22:33,18-08-2025 06:09
SKU00075,Unisex Wearables 75,4098,2339.14,42.92,26-11-2025 09:29,07-09-2025 22:06
SKU00076,Men Shoes 76,2675,1720.56,35.68,25-12-2025 08:50,27-09-2025 08:03
SKU00077,Men Shirts 77,5639,3180.4,43.6,14-08-2025 22:12,04-09-2025 07:26
SKU00078,Men Shoes 78,8445,4390.56,48.01,30-10-2025 17:00,09-07-2025 07:36
SKU00079,Men Shirts 79,8852,6015.82,32.04,28-10-2025 16:07,25-07-2025 10:15
SKU00080,Men Shirts 80,4689,3733.38,20.38,18-12-2025 00:09,18-07-2025 04:18
SKU00081,Men Shirts 81,4042,3442.98,14.82,09-11-2025 04:37,12-07-2025 18:45
SKU00082,Men Shoes 82,1592,1254.81,21.18,05-12-2025 12:43,27-09-2025 02:36
SKU00083,Unisex Wearables 83,8433,4307.58,48.92,19-08-2025 20:10,18-09-2025 09:09
SKU00084,Kids T-shirts 84,2136,1321.33,38.14,09-12-2025 12:46,27-08-2025 06:21
SKU00085,Unisex Wearables 85,7741,5882.39,24.01,20-10-2025 15:09,11-09-2025 03:06
SKU00086,Unisex Wearables 86,9118,7402.9,18.81,18-10-2025 01:11,18-09-2025 12:22
SKU00087,Men Shoes 87,8369,7477.7,10.65,06-10-2025 22:12,11-09-2025 07:15
SKU00088,Unisex Sunglasses 88,7622,5061.77,33.59,17-11-2025 19:49,13-08-2025 14:17
SKU00089,Unisex Sunglasses 89,7382,6017.81,18.48,27-09-2025 09:57,20-08-2025 05:55
SKU00090,Men Shirts 90,6972,5343.34,23.36,29-10-2025 21:08,16-09-2025 14:55
SKU00091,Women Dresses 91,2658,2251.59,15.29,11-08-2025 09:48,19-07-2025 16:07
SKU00092,Unisex Watches 92,966,577.86,40.18,04-10-2025 04:55,30-09-2025 00:58
SKU00093,Women Dresses 93,4163,2832.92,31.95,16-11-2025 13:39,18-08-2025 08:55
SKU00094,Men Shoes 94,1095,828.15,24.37,22-10-2025 18:14,17-08-2025 03:02
SKU00095,Kids T-shirts 95,7556,5246.13,30.57,31-08-2025 08:30,17-09-2025 19:37
SKU00096,Women Sandals 96,808,661.83,18.09,26-10-2025 02:54,27-09-2025 00:55
SKU00097,Women Dresses 97,3364,1947.76,42.1,17-09-2025 06:51,24-07-2025 17:00
SKU00098,Women Dresses 98,1949,1648.27,15.43,25-10-2025 04:27,24-09-2025 15:18
SKU00099,Men Shirts 99,9489,8322.8,12.29,16-08-2025 20:59,02-07-2025 00:11
SKU00100,Men Shoes 100,9677,6533.91,32.48,29-10-2025 12:39,27-09-2025 20:10
SKU00101,Unisex Wearables 101,1503,1232.46,18,23-09-2025 13:13,31-07-2025 04:39
SKU00102,Unisex Sunglasses 102,9033,5844.35,35.3,08-08-2025 15:53,25-09-2025 15:24
SKU00103,Unisex Sunglasses 103,8104,4363.19,46.16,07-09-2025 19:28,12-09-2025 19:45
SKU00104,Women Sandals 104,8707,4546.8,47.78,13-09-2025 22:22,19-09-2025 17:50
SKU00105,Unisex Wearables 105,5251,3992.86,23.96,16-10-2025 01:28,01-08-2025 12:18
SKU00106,Unisex Wearables 106,4134,3198.89,22.62,18-10-2025 14:56,23-08-2025 13:19
SKU00107,Women Sandals 107,5696,3516.14,38.27,08-12-2025 06:18,18-08-2025 16:46
SKU00108,Men Shirts 108,3658,2497.32,31.73,20-11-2025 13:25,02-07-2025 09:55
SKU00109,Men Shirts 109,6201,5471.76,11.76,31-08-2025 09:39,24-09-2025 11:26
SKU00110,Unisex Wearables 110,7027,4201.44,40.21,19-10-2025 23:02,09-08-2025 19:46
SKU00111,Kids T-shirts 111,8474,6335.16,25.24,19-10-2025 14:19,27-07-2025 03:44
SKU00112,Women Dresses 112,886,655.91,25.97,03-08-2025 04:18,24-09-2025 07:45
SKU00113,Women Dresses 113,9787,7984.23,18.42,17-09-2025 17:00,15-08-2025 10:14
SKU00114,Men Shoes 114,5568,3045.7,45.3,25-12-2025 02:16,05-07-2025 06:11
SKU00115,Men Shoes 115,982,636.14,35.22,25-12-2025 05:44,24-09-2025 04:31
SKU00116,Men Shirts 116,7610,4896.27,35.66,13-09-2025 09:59,29-08-2025 13:47
SKU00117,Unisex Sunglasses 117,2766,2192.61,20.73,23-09-2025 05:10,25-09-2025 20:00
SKU00118,Unisex Watches 118,9515,5904.06,37.95,11-08-2025 17:54,23-07-2025 16:41
SKU00119,Unisex Watches 119,2135,1725.51,19.18,17-09-2025 19:46,20-08-2025 13:36
SKU00120,Unisex Sunglasses 120,3594,2553.54,28.95,30-10-2025 19:03,27-07-2025 08:44
SKU00121,Women Sandals 121,3232,2195.82,32.06,21-09-2025 23:35,17-07-2025 14:41
SKU00122,Women Dresses 122,9153,5219.04,42.98,17-08-2025 21:52,12-08-2025 14:54
SKU00123,Women Dresses 123,8603,4718.75,45.15,23-10-2025 04:58,01-08-2025 21:45
SKU00124,Men Shoes 124,7026,4008.33,42.95,13-11-2025 10:29,20-08-2025 04:59
SKU00125,Kids T-shirts 125,4636,3412.1,26.4,13-12-2025 07:34,13-07-2025 03:14
SKU00126,Women Dresses 126,9438,8181.8,13.31,03-10-2025 22:10,29-09-2025 09:12
SKU00127,Women Sandals 127,4755,2719.38,42.81,24-10-2025 06:48,23-07-2025 20:20
SKU00128,Women Sandals 128,6677,4639.85,30.51,12-08-2025 17:15,04-08-2025 15:19
SKU00129,Men Shirts 129,3189,2543.23,20.25,27-10-2025 11:04,13-09-2025 02:42
SKU00130,Women Sandals 130,6048,5223.66,13.63,09-08-2025 20:27,06-08-2025 11:22
SKU00131,Kids T-shirts 131,5214,3489.73,33.07,30-08-2025 07:36,13-09-2025 10:45
SKU00132,Women Dresses 132,8629,6459.67,25.14,14-10-2025 18:42,03-08-2025 22:50
SKU00133,Kids T-shirts 133,6236,4998.78,19.84,21-12-2025 23:41,18-07-2025 14:35
SKU00134,Men Shoes 134,7118,5162.69,27.47,03-09-2025 22:40,11-08-2025 07:55
SKU00135,Men Shoes 135,5928,5168.03,12.82,21-11-2025 16:26,05-09-2025 01:46
SKU00136,Women Sandals 136,8176,5948.86,27.24,19-08-2025 08:08,22-09-2025 01:09
SKU00137,Women Sandals 137,2636,1382.32,47.56,20-10-2025 14:46,25-09-2025 16:26
SKU00138,Unisex Sunglasses 138,4419,2335.44,47.15,01-08-2025 07:08,01-08-2025 00:19
SKU00139,Men Shirts 139,8338,7496.7,10.09,21-11-2025 06:13,12-09-2025 14:29
SKU00140,Kids T-shirts 140,2214,1329.73,39.94,29-12-2025 17:54,16-08-2025 03:37
SKU00141,Kids T-shirts 141,8752,5659.04,35.34,19-10-2025 08:10,09-08-2025 13:28
SKU00142,Unisex Sunglasses 142,3994,3116.52,21.97,15-11-2025 07:59,17-09-2025 10:20
SKU00143,Women Dresses 143,4182,3425.06,18.1,10-09-2025 08:19,10-09-2025 08:57
SKU00144,Kids T-shirts 144,8863,7127.62,19.58,24-10-2025 19:25,16-07-2025 17:11
SKU00145,Unisex Watches 145,8475,5118.9,39.6,11-09-2025 00:17,15-08-2025 13:56
SKU00146,Kids T-shirts 146,2035,1760.48,13.49,17-08-2025 01:40,19-09-2025 07:36
SKU00147,Men Shirts 147,8828,5543.98,37.2,01-08-2025 23:57,11-09-2025 08:00
SKU00148,Men Shirts 148,7074,6358.82,10.11,08-10-2025 13:41,30-07-2025 00:15
SKU00149,Men Shoes 149,985,648.52,34.16,30-12-2025 01:59,31-08-2025 00:52
SKU00150,Unisex Watches 150,8833,7327.86,17.04,09-09-2025 18:00,02-09-2025 06:55
SKU00151,Unisex Sunglasses 151,1510,1319.74,12.6,16-08-2025 07:53,21-07-2025 04:06
SKU00152,Kids T-shirts 152,5146,3512.14,31.75,03-09-2025 06:23,10-08-2025 22:13
SKU00153,Kids T-shirts 153,6534,3964.83,39.32,17-08-2025 09:35,14-07-2025 04:46
SKU00154,Kids T-shirts 154,9282,4904.61,47.16,04-12-2025 00:38,12-08-2025 18:20
SKU00155,Kids T-shirts 155,9567,5663.66,40.8,07-09-2025 09:52,23-09-2025 12:13
SKU00156,Unisex Watches 156,5046,3515.04,30.34,14-08-2025 16:54,01-09-2025 07:43
SKU00157,Unisex Sunglasses 157,9917,5325.43,46.3,01-11-2025 15:39,10-07-2025 17:17
SKU00158,Men Shoes 158,5606,3248.68,42.05,17-10-2025 13:33,23-07-2025 17:42
SKU00159,Women Dresses 159,8302,7379.65,11.11,03-08-2025 13:07,19-07-2025 23:35
SKU00160,Men Shirts 160,5925,3373.1,43.07,30-12-2025 15:03,04-09-2025 10:44
SKU00161,Men Shoes 161,6207,3600.68,41.99,02-09-2025 10:26,30-08-2025 18:49
SKU00162,Women Sandals 162,9815,7053.06,28.14,11-08-2025 08:31,27-08-2025 20:29
SKU00163,Men Shoes 163,7098,5449.84,23.22,17-08-2025 05:43,15-08-2025 01:06
SKU00164,Men Shoes 164,8214,6898.12,16.02,16-09-2025 10:03,21-07-2025 15:15
SKU00165,Women Sandals 165,9141,5639.08,38.31,02-09-2025 21:18,26-08-2025 12:43
SKU00166,Women Sandals 166,8289,5309.93,35.94,29-11-2025 18:56,12-09-2025 21:16
SKU00167,Unisex Sunglasses 167,2044,1043.46,48.95,17-09-2025 05:37,10-07-2025 02:41
SKU00168,Unisex Watches 168,9090,5384.92,40.76,17-09-2025 20:50,23-07-2025 02:13
SKU00169,Women Sandals 169,6750,5127.3,24.04,16-11-2025 13:15,28-08-2025 17:13
SKU00170,Women Sandals 170,5037,2683.21,46.73,27-12-2025 12:48,15-07-2025 22:39
SKU00171,Unisex Sunglasses 171,7868,5478.49,30.37,15-09-2025 16:22,24-08-2025 03:32
SKU00172,Unisex Watches 172,1782,1303.35,26.86,28-09-2025 18:15,04-08-2025 13:07
SKU00173,Women Dresses 173,4217,3003.35,28.78,24-10-2025 11:45,11-07-2025 15:02
SKU00174,Men Shoes 174,4692,4019.17,14.34,17-12-2025 05:41,06-07-2025 07:35
SKU00175,Unisex Sunglasses 175,1953,1006.38,48.47,04-11-2025 01:02,30-07-2025 09:05
SKU00176,Men Shoes 176,3525,2663.49,24.44,12-11-2025 22:57,18-08-2025 11:52
SKU00177,Women Dresses 177,1801,1549.76,13.95,05-11-2025 10:26,10-07-2025 05:09
SKU00178,Unisex Watches 178,5500,3386.9,38.42,02-09-2025 23:46,09-09-2025 06:50
SKU00179,Women Dresses 179,7838,5904.37,24.67,19-08-2025 16:42,05-07-2025 20:30
SKU00180,Women Sandals 180,5702,3267.25,42.7,27-10-2025 16:53,31-07-2025 10:07
SKU00181,Unisex Sunglasses 181,7209,5034.77,30.16,17-12-2025 17:25,29-07-2025 20:48
SKU00182,Women Sandals 182,2895,2577.13,10.98,13-10-2025 00:27,12-08-2025 22:17
SKU00183,Men Shoes 183,2274,1881.51,17.26,28-11-2025 07:30,27-07-2025 06:53
SKU00184,Unisex Sunglasses 184,4878,3933.13,19.37,07-11-2025 18:54,16-09-2025 05:05
SKU00185,Kids T-shirts 185,5784,3216.48,44.39,29-08-2025 13:44,03-07-2025 15:46
SKU00186,Women Sandals 186,9760,6636.8,32,07-12-2025 17:04,11-08-2025 07:54
SKU00187,Men Shirts 187,775,445.7,42.49,03-11-2025 21:50,18-08-2025 23:28
SKU00188,Men Shoes 188,4711,2923.65,37.94,07-11-2025 16:42,19-07-2025 16:45
SKU00189,Unisex Watches 189,9096,6132.52,32.58,20-11-2025 13:17,18-07-2025 22:49
SKU00190,Unisex Wearables 190,5475,4584.22,16.27,06-12-2025 05:03,15-09-2025 08:23
SKU00191,Unisex Wearables 191,8942,4564,48.96,17-08-2025 21:44,14-07-2025 04:02
SKU00192,Kids T-shirts 192,3571,2317.58,35.1,31-08-2025 17:20,26-08-2025 14:54
SKU00193,Women Sandals 193,4050,2761.29,31.82,30-08-2025 11:50,19-08-2025 03:47
SKU00194,Unisex Watches 194,9194,6607.73,28.13,03-11-2025 19:00,22-08-2025 10:53
SKU00195,Men Shoes 195,8628,7068.06,18.08,13-09-2025 18:52,31-07-2025 14:34
SKU00196,Men Shoes 196,718,580,19.22,01-11-2025 15:13,26-07-2025 01:05
SKU00197,Kids T-shirts 197,4555,3654.93,19.76,21-11-2025 06:34,06-09-2025 22:01
SKU00198,Men Shoes 198,6109,3339.79,45.33,06-08-2025 04:56,18-09-2025 16:50
SKU00199,Women Dresses 199,3612,1988.41,44.95,25-10-2025 16:53,21-08-2025 08:58
SKU00200,Men Shoes 200,8866,4578.4,48.36,13-09-2025 23:32,01-07-2025 04:37
SKU00201,Unisex Sunglasses 201,4788,2632.44,45.02,29-10-2025 19:22,29-07-2025 04:28
SKU00202,Men Shoes 202,2212,1465.01,33.77,06-11-2025 05:09,19-08-2025 00:51
SKU00203,Men Shirts 203,9088,4955.69,45.47,16-10-2025 23:42,09-08-2025 06:09
SKU00204,Women Dresses 204,4410,3790.84,14.04,19-12-2025 03:24,21-08-2025 07:00
SKU00205,Men Shoes 205,3844,2857.63,25.66,26-09-2025 17:44,09-08-2025 19:44
SKU00206,Unisex Wearables 206,3802,3053.01,19.7,11-12-2025 05:30,06-07-2025 00:44
SKU00207,Men Shoes 207,4537,3551.56,21.72,24-11-2025 06:39,27-07-2025 07:03
SKU00208,Kids T-shirts 208,6845,4893.49,28.51,09-08-2025 00:35,13-07-2025 20:20
SKU00209,Unisex Watches 209,8499,6364.05,25.12,02-08-2025 21:02,01-09-2025 01:48
SKU00210,Unisex Wearables 210,7304,5203.37,28.76,21-09-2025 02:00,24-08-2025 07:13
SKU00211,Unisex Sunglasses 211,1287,1057.4,17.84,10-09-2025 07:19,29-07-2025 07:20
SKU00212,Kids T-shirts 212,3597,2129.42,40.8,03-08-2025 15:19,12-08-2025 03:23
SKU00213,Unisex Wearables 213,995,583.77,41.33,01-10-2025 11:56,10-09-2025 20:00
SKU00214,Men Shoes 214,6313,4727.17,25.12,18-12-2025 15:22,08-07-2025 11:18
SKU00215,Unisex Wearables 215,6824,4912.6,28.01,05-09-2025 23:25,05-07-2025 23:29
SKU00216,Women Sandals 216,627,455.52,27.35,24-08-2025 03:09,15-07-2025 08:22
SKU00217,Women Sandals 217,3282,1716.49,47.7,17-11-2025 18:22,29-08-2025 13:44
SKU00218,Unisex Watches 218,9098,8118.15,10.77,07-12-2025 10:05,14-07-2025 23:39
SKU00219,Women Dresses 219,7647,6217.01,18.7,03-08-2025 19:42,09-07-2025 04:32
SKU00220,Men Shoes 220,4580,2313.82,49.48,07-11-2025 20:49,24-08-2025 05:33
SKU00221,Kids T-shirts 221,1304,881.24,32.42,19-10-2025 06:35,16-07-2025 14:47
SKU00222,Women Dresses 222,6677,4312.01,35.42,03-09-2025 07:15,28-08-2025 21:07
SKU00223,Unisex Watches 223,2935,2413.16,17.78,08-10-2025 22:18,11-07-2025 04:01
SKU00224,Unisex Sunglasses 224,3188,2641.9,17.13,21-10-2025 14:43,12-08-2025 21:45
SKU00225,Unisex Sunglasses 225,6288,4719.14,24.95,13-09-2025 01:36,29-09-2025 10:59
SKU00226,Men Shirts 226,9367,7699.67,17.8,06-12-2025 02:42,21-07-2025 03:57
SKU00227,Unisex Sunglasses 227,5764,4088.41,29.07,26-12-2025 05:29,09-09-2025 21:13
SKU00228,Unisex Watches 228,8817,6194.82,29.74,19-12-2025 06:07,23-07-2025 23:56
SKU00229,Unisex Sunglasses 229,5399,2964.05,45.1,17-10-2025 08:49,21-08-2025 18:46
SKU00230,Men Shoes 230,4413,2887.43,34.57,16-11-2025 04:22,14-09-2025 06:33
SKU00231,Women Sandals 231,6095,3309.58,45.7,27-08-2025 18:25,12-07-2025 01:04
SKU00232,Men Shirts 232,4680,2578.68,44.9,18-11-2025 22:03,15-09-2025 08:36
SKU00233,Unisex Sunglasses 233,5644,3709.8,34.27,08-09-2025 08:05,23-08-2025 02:50
SKU00234,Unisex Wearables 234,7381,4905.41,33.54,16-11-2025 15:34,20-07-2025 23:59
SKU00235,Men Shirts 235,1085,641.99,40.83,16-11-2025 23:07,05-08-2025 19:40
SKU00236,Men Shirts 236,4776,3429.65,28.19,31-08-2025 00:25,20-08-2025 05:23
SKU00237,Unisex Sunglasses 237,9912,5614.16,43.36,28-11-2025 09:51,03-09-2025 13:56
SKU00238,Unisex Wearables 238,4625,2714.41,41.31,23-08-2025 21:21,13-07-2025 01:27
SKU00239,Women Sandals 239,4929,2986.97,39.4,24-12-2025 18:37,19-08-2025 21:49
SKU00240,Men Shoes 240,6167,4619.08,25.1,18-11-2025 11:43,17-08-2025 01:06
SKU00241,Unisex Watches 241,8864,7883.64,11.06,27-09-2025 00:53,24-09-2025 13:33
SKU00242,Unisex Sunglasses 242,9653,5812.07,39.79,06-11-2025 13:51,27-08-2025 04:48
SKU00243,Unisex Sunglasses 243,667,558.75,16.23,08-08-2025 14:11,10-07-2025 09:19
SKU00244,Women Dresses 244,9115,5459.89,40.1,16-08-2025 14:22,21-08-2025 17:57
SKU00245,Men Shirts 245,1875,1047,44.16,19-09-2025 09:22,04-07-2025 11:16
SKU00246,Women Dresses 246,8013,5137.13,35.89,27-08-2025 11:05,25-08-2025 02:53
SKU00247,Men Shirts 247,4898,3324.76,32.12,12-11-2025 16:34,24-09-2025 20:58
SKU00248,Men Shoes 248,3858,3370.35,12.64,13-08-2025 13:07,01-07-2025 09:49
SKU00249,Men Shirts 249,1088,593.83,45.42,03-11-2025 22:33,04-09-2025 04:27
SKU00250,Men Shoes 250,911,499.41,45.18,09-10-2025 22:30,05-09-2025 11:59
SKU00251,Women Dresses 251,8516,6821.32,19.9,02-11-2025 05:13,25-07-2025 05:19
SKU00252,Unisex Wearables 252,3797,2548.17,32.89,06-12-2025 05:42,27-09-2025 08:57
SKU00253,Unisex Watches 253,8730,4966.5,43.11,20-08-2025 07:14,28-07-2025 04:02
SKU00254,Women Dresses 254,1157,766.74,33.73,16-10-2025 14:58,07-07-2025 23:46
SKU00255,Kids T-shirts 255,9120,7160.11,21.49,27-12-2025 04:45,10-09-2025 14:51
SKU00256,Men Shirts 256,3445,2859.01,17.01,06-08-2025 14:07,20-07-2025 06:10
SKU00257,Unisex Sunglasses 257,3128,1678.8,46.33,27-09-2025 15:33,28-07-2025 11:15
SKU00258,Men Shoes 258,1126,769.06,31.7,24-08-2025 11:51,25-07-2025 06:16
SKU00259,Men Shoes 259,8577,4938.64,42.42,16-12-2025 18:21,17-08-2025 02:30
SKU00260,Women Sandals 260,8234,5970.47,27.49,17-09-2025 20:05,10-07-2025 15:18
SKU00261,Women Dresses 261,2071,1297.9,37.33,13-08-2025 04:04,20-09-2025 08:09
SKU00262,Men Shirts 262,4573,3370.76,26.29,16-10-2025 10:43,05-08-2025 09:49
SKU00263,Unisex Sunglasses 263,2206,1294.7,41.31,22-12-2025 04:25,23-07-2025 22:58
SKU00264,Women Dresses 264,870,632.32,27.32,25-11-2025 06:41,13-09-2025 07:51
SKU00265,Unisex Watches 265,1824,1049.53,42.46,14-09-2025 04:03,24-08-2025 03:12
SKU00266,Unisex Sunglasses 266,4710,2449.67,47.99,16-12-2025 12:02,28-07-2025 13:33
SKU00267,Unisex Sunglasses 267,6976,5648.47,19.03,14-08-2025 18:09,20-08-2025 15:59
SKU00268,Unisex Wearables 268,5181,3744.83,27.72,22-08-2025 11:56,28-09-2025 14:42
SKU00269,Unisex Sunglasses 269,3208,2489.41,22.4,15-10-2025 18:16,05-09-2025 09:34
SKU00270,Women Sandals 270,2903,1917.43,33.95,09-09-2025 12:28,13-08-2025 07:58
SKU00271,Unisex Wearables 271,8782,4584.2,47.8,03-10-2025 22:24,05-09-2025 13:42
SKU00272,Women Sandals 272,5326,4682.09,12.09,22-09-2025 10:56,17-08-2025 04:12
SKU00273,Men Shoes 273,8548,4533,46.97,02-11-2025 10:50,26-08-2025 22:31
SKU00274,Unisex Wearables 274,4562,2494.05,45.33,27-12-2025 15:50,06-07-2025 10:44
SKU00275,Unisex Wearables 275,8774,5004.69,42.96,14-11-2025 10:45,06-09-2025 02:11
SKU00276,Unisex Sunglasses 276,5489,4711.21,14.17,01-12-2025 21:28,24-08-2025 04:45
SKU00277,Unisex Wearables 277,9865,7784.47,21.09,20-10-2025 06:15,26-08-2025 05:54
SKU00278,Unisex Wearables 278,5804,3953.1,31.89,08-12-2025 07:19,27-07-2025 00:38
SKU00279,Women Sandals 279,8582,7302.42,14.91,18-10-2025 09:10,02-09-2025 12:00
SKU00280,Women Sandals 280,8972,6563.02,26.85,02-12-2025 20:40,19-07-2025 11:47
SKU00281,Men Shoes 281,7252,4901.63,32.41,29-08-2025 14:11,20-08-2025 01:43
SKU00282,Unisex Sunglasses 282,1600,966.08,39.62,02-11-2025 19:53,22-07-2025 01:48
SKU00283,Men Shoes 283,1745,946.66,45.75,01-10-2025 18:09,16-07-2025 22:15
SKU00284,Unisex Wearables 284,1810,1390.62,23.17,05-09-2025 10:36,18-08-2025 08:53
SKU00285,Men Shirts 285,9636,5823.03,39.57,14-08-2025 17:46,15-09-2025 21:48
SKU00286,Men Shoes 286,2556,2068.32,19.08,23-09-2025 12:39,15-07-2025 05:19
SKU00287,Men Shoes 287,3199,2387.73,25.36,01-11-2025 23:12,07-08-2025 07:26
SKU00288,Unisex Watches 288,7288,5624.88,22.82,10-08-2025 22:14,24-07-2025 19:31
SKU00289,Unisex Watches 289,705,616.31,12.58,11-11-2025 03:37,02-08-2025 17:41
SKU00290,Unisex Watches 290,798,574.4,28.02,03-11-2025 07:48,19-07-2025 07:14
SKU00291,Unisex Wearables 291,997,649.94,34.81,06-10-2025 04:38,03-09-2025 20:18
SKU00292,Women Sandals 292,8568,6173.24,27.95,23-08-2025 05:59,26-07-2025 16:31
SKU00293,Men Shoes 293,3990,2587.91,35.14,04-12-2025 05:24,26-09-2025 19:49
SKU00294,Kids T-shirts 294,7593,5119.2,32.58,19-08-2025 14:26,28-09-2025 12:38
SKU00295,Unisex Wearables 295,7784,6796.99,12.68,27-11-2025 03:48,04-09-2025 03:58
SKU00296,Women Sandals 296,1901,1104.48,41.9,12-08-2025 00:21,28-07-2025 09:29
SKU00297,Men Shoes 297,6708,5214.8,22.26,27-09-2025 03:47,09-08-2025 07:50
SKU00298,Unisex Watches 298,2610,1858.58,28.79,14-08-2025 04:13,21-07-2025 14:31
SKU00299,Men Shirts 299,8455,4642.64,45.09,21-10-2025 04:45,09-08-2025 09:30
SKU00300,Kids T-shirts 300,9795,5736.93,41.43,29-09-2025 00:14,08-09-2025 07:40
SKU00301,Men Shirts 301,7601,4477.75,41.09,24-11-2025 17:09,06-07-2025 17:04
SKU00302,Kids T-shirts 302,6329,3955.62,37.5,01-10-2025 00:31,16-07-2025 19:35
SKU00303,Unisex Wearables 303,542,389.43,28.15,03-09-2025 11:09,12-09-2025 15:19
SKU00304,Men Shirts 304,5575,3779.85,32.2,20-10-2025 16:23,20-07-2025 09:43
SKU00305,Unisex Wearables 305,2249,1428.34,36.49,14-08-2025 04:30,24-07-2025 04:09
SKU00306,Unisex Watches 306,4978,4077.98,18.08,03-12-2025 00:10,24-08-2025 11:11
SKU00307,Women Sandals 307,2029,1673.11,17.54,03-08-2025 03:49,02-09-2025 00:38
SKU00308,Women Dresses 308,2243,1632.68,27.21,01-11-2025 11:00,07-08-2025 03:14
SKU00309,Women Dresses 309,2901,2164.44,25.39,06-08-2025 19:50,11-08-2025 10:19
SKU00310,Men Shirts 310,5617,3130.92,44.26,25-12-2025 08:52,10-09-2025 01:12
SKU00311,Women Sandals 311,961,782.45,18.58,19-10-2025 00:39,22-08-2025 12:08
SKU00312,Women Dresses 312,5378,4840.2,10,18-10-2025 14:17,16-09-2025 09:23
SKU00313,Unisex Sunglasses 313,7871,6577.79,16.43,09-10-2025 03:54,04-09-2025 21:30
SKU00314,Men Shoes 314,8076,6664.32,17.48,03-12-2025 09:40,07-07-2025 13:45
SKU00315,Unisex Sunglasses 315,2564,2196.58,14.33,27-10-2025 11:44,18-07-2025 20:06
SKU00316,Unisex Wearables 316,6691,3963.08,40.77,29-09-2025 10:22,15-07-2025 15:15
SKU00317,Unisex Sunglasses 317,8523,7034.88,17.46,13-08-2025 08:30,08-08-2025 17:38
SKU00318,Men Shirts 318,1125,665.66,40.83,24-11-2025 12:40,17-09-2025 23:56
SKU00319,Women Dresses 319,7389,5877.95,20.45,03-11-2025 20:12,09-07-2025 04:11
SKU00320,Men Shoes 320,7114,3761.17,47.13,10-09-2025 14:54,03-08-2025 21:00
SKU00321,Women Dresses 321,5037,4050.76,19.58,18-09-2025 19:02,12-08-2025 10:54
SKU00322,Kids T-shirts 322,5524,3390.63,38.62,04-08-2025 00:00,01-08-2025 15:35
SKU00323,Kids T-shirts 323,8461,7402.53,12.51,08-11-2025 21:35,09-07-2025 10:18
SKU00324,Unisex Wearables 324,9648,6758.42,29.95,16-08-2025 18:55,20-09-2025 05:30
SKU00325,Unisex Wearables 325,8426,6037.23,28.35,07-08-2025 19:27,28-08-2025 16:49
SKU00326,Men Shoes 326,8417,6252.99,25.71,06-09-2025 04:29,29-08-2025 10:00
SKU00327,Women Sandals 327,2936,2396.95,18.36,07-09-2025 05:40,13-07-2025 22:30
SKU00328,Unisex Wearables 328,3863,2936.65,23.98,25-09-2025 20:57,14-09-2025 14:25
SKU00329,Men Shoes 329,3051,1844.94,39.53,24-12-2025 01:44,07-09-2025 16:26
SKU00330,Men Shoes 330,5758,3362.1,41.61,28-09-2025 02:35,29-07-2025 14:57
SKU00331,Men Shoes 331,4500,3719.7,17.34,03-08-2025 03:28,20-08-2025 15:32
SKU00332,Women Sandals 332,7026,5638.36,19.75,09-11-2025 06:09,20-07-2025 10:57
SKU00333,Men Shirts 333,2126,1543.9,27.38,24-12-2025 20:18,16-07-2025 02:47
SKU00334,Women Sandals 334,6769,4607.66,31.93,22-12-2025 20:03,18-07-2025 01:02
SKU00335,Women Sandals 335,8258,4882.96,40.87,08-11-2025 16:24,09-08-2025 16:34
SKU00336,Unisex Wearables 336,6489,3439.82,46.99,20-12-2025 17:44,16-07-2025 18:59
SKU00337,Unisex Sunglasses 337,1605,974.56,39.28,12-09-2025 13:58,10-08-2025 23:03
SKU00338,Unisex Wearables 338,1293,904.19,30.07,15-10-2025 06:56,05-07-2025 09:18
SKU00339,Men Shirts 339,9699,5310.2,45.25,02-12-2025 06:17,08-07-2025 14:05
SKU00340,Unisex Watches 340,8287,6559.99,20.84,10-12-2025 14:14,14-07-2025 06:44
SKU00341,Men Shirts 341,8439,6720.82,20.36,11-11-2025 22:45,23-09-2025 02:02
SKU00342,Men Shirts 342,9513,6506.89,31.6,14-10-2025 00:54,11-09-2025 04:40
SKU00343,Women Sandals 343,9661,6021.7,37.67,15-09-2025 18:16,02-09-2025 06:42
SKU00344,Kids T-shirts 344,5498,3846.4,30.04,17-12-2025 08:23,29-07-2025 10:27
SKU00345,Unisex Wearables 345,3266,1696.03,48.07,05-09-2025 07:49,10-09-2025 07:51
SKU00346,Unisex Sunglasses 346,6601,4043.11,38.75,26-09-2025 19:22,08-07-2025 11:07
SKU00347,Unisex Wearables 347,2539,1715.86,32.42,02-10-2025 22:34,17-09-2025 09:41
SKU00348,Unisex Watches 348,6437,4762.09,26.02,01-11-2025 18:11,11-08-2025 13:05
SKU00349,Unisex Watches 349,2155,1125.34,47.78,16-11-2025 08:02,25-09-2025 18:54
SKU00350,Kids T-shirts 350,3162,2187.47,30.82,09-11-2025 10:26,23-07-2025 20:26
SKU00351,Unisex Wearables 351,4744,3456.48,27.14,10-08-2025 17:40,28-08-2025 17:21
SKU00352,Unisex Sunglasses 352,509,381.44,25.06,26-11-2025 10:44,03-08-2025 12:06
SKU00353,Men Shirts 353,5843,4672.06,20.04,06-12-2025 11:01,07-08-2025 08:27
SKU00354,Unisex Watches 354,3774,2162.12,42.71,02-10-2025 03:28,15-07-2025 20:19
SKU00355,Women Dresses 355,5838,3119.83,46.56,21-10-2025 17:31,08-07-2025 07:32
SKU00356,Men Shirts 356,5694,3809.86,33.09,23-12-2025 05:32,19-07-2025 02:28
SKU00357,Unisex Wearables 357,6741,4680.95,30.56,19-08-2025 14:40,06-09-2025 01:00
SKU00358,Men Shoes 358,1358,714.99,47.35,03-12-2025 17:19,24-09-2025 07:11
SKU00359,Unisex Wearables 359,7480,6331.07,15.36,09-08-2025 16:59,11-08-2025 14:23
SKU00360,Men Shirts 360,6659,4533.45,31.92,07-09-2025 16:24,31-08-2025 06:12
SKU00361,Kids T-shirts 361,6831,3660.73,46.41,02-09-2025 16:25,09-08-2025 17:27
SKU00362,Unisex Wearables 362,5687,4835.09,14.98,23-12-2025 14:02,26-09-2025 22:02
SKU00363,Men Shoes 363,6760,5465.46,19.15,04-12-2025 02:17,21-07-2025 01:43
SKU00364,Women Sandals 364,8349,6872.06,17.69,26-08-2025 15:37,21-07-2025 10:23
SKU00365,Unisex Sunglasses 365,5295,4380.55,17.27,26-11-2025 23:27,06-07-2025 08:51
SKU00366,Women Dresses 366,792,712.01,10.1,13-12-2025 05:56,25-07-2025 17:24
SKU00367,Women Dresses 367,8578,6279.1,26.8,17-10-2025 14:33,29-08-2025 17:24
SKU00368,Kids T-shirts 368,4676,2421.7,48.21,25-11-2025 21:59,16-09-2025 02:11
SKU00369,Women Sandals 369,3066,1663.3,45.75,06-11-2025 18:56,03-07-2025 13:08
SKU00370,Women Sandals 370,9401,5620.86,40.21,30-10-2025 04:39,20-09-2025 14:20
SKU00371,Unisex Wearables 371,4256,3760.6,11.64,18-12-2025 17:10,25-08-2025 09:43
SKU00372,Unisex Wearables 372,1266,849.11,32.93,03-10-2025 08:16,16-07-2025 23:31
SKU00373,Unisex Sunglasses 373,4029,2227.23,44.72,14-10-2025 04:11,19-07-2025 09:21
SKU00374,Kids T-shirts 374,2392,1909.06,20.19,22-09-2025 12:58,31-08-2025 09:35
SKU00375,Unisex Sunglasses 375,7261,3863.58,46.79,17-08-2025 14:04,05-08-2025 04:32
SKU00376,Women Sandals 376,3455,2857.98,17.28,07-10-2025 06:52,06-08-2025 07:23
SKU00377,Women Sandals 377,5784,4969.61,14.08,21-11-2025 22:36,02-09-2025 08:49
SKU00378,Unisex Wearables 378,6919,4851.6,29.88,04-11-2025 03:12,17-08-2025 21:59
SKU00379,Unisex Wearables 379,7535,6535.86,13.26,21-09-2025 19:31,09-09-2025 06:28
SKU00380,Unisex Sunglasses 380,8695,7618.56,12.38,23-09-2025 09:18,16-07-2025 19:59
SKU00381,Unisex Watches 381,2401,1411.55,41.21,04-08-2025 14:37,30-08-2025 20:07
SKU00382,Men Shoes 382,639,343.59,46.23,25-08-2025 07:51,13-07-2025 00:10
SKU00383,Men Shoes 383,9489,7886.31,16.89,29-12-2025 11:35,05-08-2025 19:23
SKU00384,Men Shirts 384,9133,6664.35,27.03,16-10-2025 20:08,24-07-2025 04:54
SKU00385,Unisex Wearables 385,9424,6806.01,27.78,20-11-2025 09:54,20-07-2025 18:29
SKU00386,Unisex Sunglasses 386,1914,1229.75,35.75,15-12-2025 22:17,20-08-2025 13:30
SKU00387,Kids T-shirts 387,1489,1160.08,22.09,18-11-2025 23:53,13-09-2025 17:47
SKU00388,Kids T-shirts 388,6065,3148.34,48.09,19-10-2025 18:44,06-08-2025 18:35
SKU00389,Unisex Watches 389,6888,3861.41,43.94,11-10-2025 05:52,15-08-2025 08:59
SKU00390,Unisex Wearables 390,1442,916.25,36.46,30-08-2025 09:49,25-09-2025 07:26
SKU00391,Unisex Wearables 391,7195,3918.4,45.54,06-12-2025 20:35,21-09-2025 08:58
SKU00392,Kids T-shirts 392,2454,1331.05,45.76,07-11-2025 23:19,05-09-2025 04:17
SKU00393,Kids T-shirts 393,672,535.65,20.29,12-10-2025 05:16,26-07-2025 12:59
SKU00394,Women Sandals 394,2173,1823.58,16.08,13-09-2025 04:07,21-07-2025 03:37
SKU00395,Unisex Sunglasses 395,5199,2674.37,48.56,10-08-2025 03:47,08-09-2025 07:03
SKU00396,Unisex Watches 396,6438,3470.08,46.1,15-12-2025 04:24,19-07-2025 06:47
SKU00397,Unisex Sunglasses 397,6407,5209.53,18.69,29-12-2025 08:39,01-09-2025 19:21
SKU00398,Unisex Wearables 398,9183,7179.27,21.82,01-11-2025 15:06,24-09-2025 04:05
SKU00399,Women Dresses 399,7304,6069.62,16.9,16-10-2025 00:52,14-07-2025 17:06
SKU00400,Women Sandals 400,3011,2082.41,30.84,30-08-2025 09:54,27-09-2025 04:34
SKU00401,Women Dresses 401,6667,4258.21,36.13,30-10-2025 03:48,12-07-2025 21:40
SKU00402,Women Dresses 402,4276,3304.07,22.73,31-10-2025 14:34,28-08-2025 01:16
SKU00403,Women Sandals 403,6766,4983.16,26.35,22-12-2025 15:48,29-08-2025 09:03
SKU00404,Unisex Watches 404,5362,4298.18,19.84,16-10-2025 04:47,28-08-2025 17:05
SKU00405,Women Sandals 405,6358,3449.85,45.74,12-12-2025 22:34,26-09-2025 23:34
SKU00406,Unisex Sunglasses 406,2162,1258.07,41.81,22-11-2025 14:38,29-07-2025 22:21
SKU00407,Unisex Sunglasses 407,8130,4312.97,46.95,24-11-2025 10:08,30-07-2025 15:43
SKU00408,Kids T-shirts 408,4270,3378.85,20.87,15-10-2025 02:06,13-08-2025 19:21
SKU00409,Women Dresses 409,8030,4709.6,41.35,31-10-2025 18:23,01-09-2025 09:23
SKU00410,Unisex Sunglasses 410,4222,3028.86,28.26,08-12-2025 06:02,05-08-2025 08:08
SKU00411,Men Shoes 411,3503,1756.05,49.87,06-11-2025 01:15,20-07-2025 03:07
SKU00412,Kids T-shirts 412,4146,2098.71,49.38,05-12-2025 13:15,10-09-2025 22:22
SKU00413,Women Sandals 413,1342,776.88,42.11,23-10-2025 03:07,14-07-2025 10:59
SKU00414,Men Shirts 414,8328,4354.71,47.71,28-08-2025 16:13,31-08-2025 14:11
SKU00415,Women Sandals 415,8048,6960.72,13.51,01-12-2025 10:46,24-07-2025 21:09
SKU00416,Kids T-shirts 416,5831,3763.33,35.46,24-11-2025 02:34,15-09-2025 23:19
SKU00417,Unisex Watches 417,5038,2859.07,43.25,03-11-2025 08:56,06-09-2025 22:57
SKU00418,Unisex Sunglasses 418,1601,1332.83,16.75,03-11-2025 05:36,22-07-2025 17:31
SKU00419,Unisex Wearables 419,7402,5672.89,23.36,31-10-2025 07:47,11-09-2025 00:26
SKU00420,Unisex Sunglasses 420,3904,2137.05,45.26,24-08-2025 01:53,04-09-2025 17:15
SKU00421,Men Shoes 421,4640,2539.94,45.26,01-11-2025 08:17,25-07-2025 22:43
SKU00422,Unisex Watches 422,628,563.63,10.25,07-11-2025 01:56,25-07-2025 05:42
SKU00423,Women Sandals 423,3161,2293.31,27.45,09-08-2025 11:18,28-09-2025 01:09
SKU00424,Unisex Sunglasses 424,3395,2155.15,36.52,19-12-2025 10:03,29-09-2025 07:13
SKU00425,Men Shirts 425,3246,2634.45,18.84,22-11-2025 02:14,02-07-2025 05:00
SKU00426,Unisex Wearables 426,9165,6685.87,27.05,31-08-2025 17:43,02-07-2025 14:39
SKU00427,Men Shoes 427,8753,5969.55,31.8,17-11-2025 23:31,21-07-2025 12:21
SKU00428,Unisex Watches 428,1507,1125.43,25.32,03-10-2025 22:42,08-08-2025 05:40
SKU00429,Men Shoes 429,4379,3537.79,19.21,11-10-2025 01:41,20-07-2025 12:14
SKU00430,Kids T-shirts 430,6746,4646.64,31.12,11-10-2025 00:23,07-09-2025 05:43
SKU00431,Men Shirts 431,3759,3319.57,11.69,27-08-2025 08:54,03-09-2025 13:27
SKU00432,Unisex Wearables 432,4751,4130.04,13.07,14-12-2025 16:50,22-08-2025 07:23
SKU00433,Unisex Watches 433,7578,4429.34,41.55,04-11-2025 12:22,14-07-2025 11:27
SKU00434,Women Dresses 434,4084,2970.7,27.26,01-08-2025 15:52,20-07-2025 05:55
SKU00435,Unisex Sunglasses 435,887,541.25,38.98,14-10-2025 12:40,17-08-2025 17:53
SKU00436,Kids T-shirts 436,5762,5047.51,12.4,24-12-2025 01:51,28-09-2025 10:34
SKU00437,Unisex Watches 437,2067,1041.56,49.61,18-11-2025 09:25,06-09-2025 19:54
SKU00438,Women Sandals 438,7908,6067.02,23.28,01-10-2025 20:02,31-07-2025 19:52
SKU00439,Unisex Wearables 439,5572,3470.24,37.72,25-12-2025 17:11,30-08-2025 14:43
SKU00440,Unisex Watches 440,742,580.91,21.71,14-10-2025 12:13,14-09-2025 00:46
SKU00441,Unisex Wearables 441,7575,6154.69,18.75,09-08-2025 11:12,04-08-2025 21:20
SKU00442,Men Shoes 442,7625,5797.29,23.97,21-11-2025 17:26,02-08-2025 07:54
SKU00443,Unisex Sunglasses 443,3412,2534.43,25.72,11-10-2025 23:22,27-08-2025 17:18
SKU00444,Unisex Watches 444,1344,1060.15,21.12,23-09-2025 04:16,13-07-2025 20:48
SKU00445,Unisex Sunglasses 445,973,695.01,28.57,26-10-2025 11:00,15-08-2025 18:37
SKU00446,Women Dresses 446,6950,5172.88,25.57,17-09-2025 18:11,01-07-2025 03:57
SKU00447,Women Sandals 447,4187,3739.41,10.69,19-10-2025 00:21,02-09-2025 06:22
SKU00448,Unisex Watches 448,594,509.41,14.24,01-10-2025 19:14,07-08-2025 09:35
SKU00449,Men Shoes 449,7701,5415.34,29.68,18-08-2025 20:43,16-09-2025 03:40
SKU00450,Unisex Watches 450,9230,6273.63,32.03,28-08-2025 22:06,14-09-2025 17:38
SKU00451,Women Dresses 451,2842,2255.13,20.65,13-11-2025 10:27,28-08-2025 05:07
SKU00452,Unisex Wearables 452,3735,3268.87,12.48,18-11-2025 06:05,04-09-2025 12:30
SKU00453,Unisex Sunglasses 453,2867,1481.67,48.32,28-11-2025 13:40,03-07-2025 06:12
SKU00454,Men Shirts 454,6118,3314.12,45.83,12-10-2025 17:58,29-07-2025 12:37
SKU00455,Unisex Wearables 455,3811,2641.79,30.68,31-08-2025 10:32,24-08-2025 11:06
SKU00456,Men Shoes 456,6353,3949.66,37.83,05-09-2025 23:17,27-08-2025 12:53
SKU00457,Unisex Sunglasses 457,4915,4008.18,18.45,13-11-2025 17:03,04-07-2025 15:37
SKU00458,Unisex Sunglasses 458,724,598.46,17.34,30-09-2025 03:54,10-07-2025 07:19
SKU00459,Kids T-shirts 459,3277,2418.75,26.19,23-12-2025 06:29,19-09-2025 02:02
SKU00460,Women Dresses 460,1042,850.69,18.36,29-09-2025 20:50,18-07-2025 13:40
SKU00461,Unisex Sunglasses 461,5776,3722.05,35.56,01-12-2025 06:53,27-09-2025 03:05
SKU00462,Unisex Watches 462,9657,7305.52,24.35,11-12-2025 22:31,23-09-2025 13:26
SKU00463,Unisex Wearables 463,5636,3919.27,30.46,08-08-2025 13:01,19-09-2025 02:40
SKU00464,Unisex Watches 464,1660,1368.84,17.54,15-10-2025 16:51,27-07-2025 11:31
SKU00465,Unisex Watches 465,5387,3802.68,29.41,22-11-2025 16:04,23-08-2025 08:09
SKU00466,Unisex Watches 466,4700,3326.19,29.23,30-11-2025 07:57,25-09-2025 18:06
SKU00467,Women Sandals 467,8201,5233.06,36.19,11-11-2025 17:05,12-09-2025 20:50
SKU00468,Unisex Wearables 468,7228,4684.47,35.19,09-10-2025 19:15,21-07-2025 13:17
SKU00469,Men Shoes 469,2076,1723.7,16.97,07-12-2025 02:51,23-08-2025 14:13
SKU00470,Men Shirts 470,6543,4910.52,24.95,03-09-2025 06:03,13-08-2025 15:19
SKU00471,Unisex Watches 471,3759,2808.35,25.29,05-09-2025 02:55,03-08-2025 11:24
SKU00472,Men Shoes 472,5452,3808.22,30.15,07-12-2025 23:19,25-09-2025 08:06
SKU00473,Men Shoes 473,582,496.85,14.63,12-12-2025 15:52,06-07-2025 07:46
SKU00474,Men Shoes 474,4225,2546.41,39.73,28-10-2025 15:47,05-09-2025 12:28
SKU00475,Kids T-shirts 475,4620,2380.22,48.48,06-11-2025 15:06,27-09-2025 06:34
SKU00476,Men Shirts 476,8524,7572.72,11.16,19-08-2025 04:31,15-09-2025 11:04
SKU00477,Kids T-shirts 477,9133,5752.88,37.01,21-12-2025 09:28,12-08-2025 16:07
SKU00478,Women Sandals 478,9432,5265.89,44.17,17-09-2025 18:24,15-09-2025 13:58
SKU00479,Women Dresses 479,798,572.8,28.22,13-08-2025 14:32,20-08-2025 20:36
SKU00480,Men Shirts 480,940,702.18,25.3,22-11-2025 20:39,14-08-2025 06:10
SKU00481,Unisex Watches 481,4268,3468.6,18.73,11-11-2025 19:56,13-09-2025 08:16
SKU00482,Men Shoes 482,1990,1551.2,22.05,16-09-2025 09:24,31-07-2025 18:10
SKU00483,Men Shirts 483,7886,6463.37,18.04,14-12-2025 06:58,08-09-2025 05:28
SKU00484,Men Shirts 484,3846,2929.11,23.84,21-12-2025 11:41,08-07-2025 22:32
SKU00485,Unisex Sunglasses 485,1812,1382.92,23.68,11-10-2025 01:44,16-09-2025 18:27
SKU00486,Women Dresses 486,2923,2333.72,20.16,07-10-2025 14:37,09-09-2025 19:37
SKU00487,Unisex Watches 487,8400,6063.96,27.81,02-09-2025 18:16,01-09-2025 00:26
SKU00488,Women Dresses 488,5883,4019.27,31.68,16-12-2025 04:56,31-07-2025 17:28
SKU00489,Men Shoes 489,4039,2135.02,47.14,05-08-2025 22:01,27-09-2025 14:09
SKU00490,Women Sandals 490,9896,5649.63,42.91,28-08-2025 14:29,16-07-2025 19:30
SKU00491,Men Shirts 491,7643,4004.17,47.61,13-10-2025 15:51,05-08-2025 10:02
SKU00492,Unisex Sunglasses 492,8988,7620.93,15.21,01-12-2025 20:23,02-09-2025 02:22
SKU00493,Women Dresses 493,4362,2358.97,45.92,06-11-2025 18:09,11-07-2025 23:55
SKU00494,Unisex Wearables 494,4894,3846.68,21.4,28-12-2025 04:19,27-08-2025 20:16
SKU00495,Women Dresses 495,3623,2993.68,17.37,26-11-2025 05:43,14-09-2025 20:11
SKU00496,Kids T-shirts 496,6181,4724.14,23.57,25-11-2025 22:54,12-07-2025 01:20
SKU00497,Women Sandals 497,8953,5643.97,36.96,04-10-2025 01:12,19-07-2025 08:37
SKU00498,Unisex Watches 498,3854,2740.58,28.89,27-12-2025 04:21,24-08-2025 11:37
SKU00499,Women Sandals 499,5654,3623.08,35.92,02-09-2025 13:51,15-07-2025 20:00
SKU00500,Unisex Sunglasses 500,3320,2020.22,39.15,10-10-2025 22:57,31-08-2025 16:03
